file_name,number_of_elephants
boxed_nn01b_20180309_000000.wav_segment_89_nan.wav.png,0
boxed_nn01b_20180702_000000.wav_segment_139_nan.wav.png,0
boxed_nn02d_20180522_000000.wav_segment_732_nan.wav.png,0
boxed_nn02f_20180803_000000.wav_segment_836_nan.wav.png,0
boxed_nn03e_20180911_000000.wav_segment_1114_marginal.wav.png,0
boxed_nn04c_20180308_000000.wav_segment_1298_nan.wav.png,0
boxed_nn05e_20180504_000000.wav_segment_1619_marginal.wav.png,0
boxed_nn06a_20180615_000000.wav_segment_1668_nan.wav.png,0
boxed_nn06a_20180615_000000.wav_segment_1681_nan.wav.png,0
boxed_nn06b_20180911_000000.wav_segment_2261_nan.wav.png,0
boxed_nn06b_20180911_000000.wav_segment_2269_nan.wav.png,0
boxed_nn06f_20180806_000000.wav_segment_2449_marginal.wav.png,0
boxed_nn07c_20180603_000000.wav_segment_600_maginal.wav.png,0
boxed_nn07c_20180603_000000.wav_segment_601_nan.wav.png,0
boxed_nn07c_20180603_000000.wav_segment_613_nan.wav.png,0
boxed_nn07c_20180603_000000.wav_segment_662_nan.wav.png,0
boxed_nn08b_20180817_000000.wav_segment_2620_nan.wav.png,0
boxed_nn08b_20180817_000000.wav_segment_2625_nan.wav.png,0
boxed_nn08c_20180824_000000.wav_segment_2751_nan.wav.png,0
boxed_nn08c_20180824_000000.wav_segment_2755_nan.wav.png,0
boxed_nn08c_20180902_000000.wav_segment_2901_nan.wav.png,0
boxed_nn10a_20180702_000000.wav_segment_3034_nan.wav.png,0
boxed_nn10a_20180702_000000.wav_segment_3036_nan.wav.png,0
boxed_nn10b_20180604_000000.wav_segment_3110_nan.wav.png,0
boxed_nn01a_20180126_000000.wav_segment_2_nan.wav.png,1
boxed_nn01a_20180126_000000.wav_segment_3_nan.wav.png,1
boxed_nn01a_20180126_000000.wav_segment_4_nan.wav.png,1
boxed_nn01a_20180126_000000.wav_segment_5_nan.wav.png,1
boxed_nn01a_20180126_000000.wav_segment_6_nan.wav.png,1
boxed_nn01a_20180126_000000.wav_segment_6_nan.wav.png_mono.png,1
boxed_nn01a_20180126_000000.wav_segment_7_marginal.wav.png,1
boxed_nn01a_20180126_000000.wav_segment_8_nan.wav.png,1
boxed_nn01a_20180126_000000.wav_segment_9_marginal.wav.png,1
boxed_nn01a_20180203_000000.wav_segment_10_marginal.wav.png,1
boxed_nn01a_20180203_000000.wav_segment_11_marginal.wav.png,1
boxed_nn01a_20180203_000000.wav_segment_12_nan.wav.png,1
boxed_nn01a_20180220_000000.wav_segment_13_nan.wav.png,1
boxed_nn01a_20180305_000000.wav_segment_15_marginal.wav.png,1
boxed_nn01a_20180305_000000.wav_segment_16_nan.wav.png,1
boxed_nn01a_20180305_000000.wav_segment_17_nan.wav.png,1
boxed_nn01a_20180305_000000.wav_segment_18_marginal.wav.png,1
boxed_nn01a_20180305_000000.wav_segment_19_nan.wav.png,1
boxed_nn01a_20180305_000000.wav_segment_20_nan.wav.png,1
boxed_nn01a_20180305_000000.wav_segment_21_nan.wav.png,1
boxed_nn01a_20180305_000000.wav_segment_22_nan.wav.png,1
boxed_nn01a_20180305_000000.wav_segment_23_nan.wav.png,1
boxed_nn01a_20180305_000000.wav_segment_24_nan.wav.png,1
boxed_nn01a_20180305_000000.wav_segment_25_nan.wav.png,1
boxed_nn01a_20180305_000000.wav_segment_26_marginal.wav.png,1
boxed_nn01a_20180305_000000.wav_segment_27_nan.wav.png,1
boxed_nn01a_20180305_000000.wav_segment_28_nan.wav.png,1
boxed_nn01a_20180305_000000.wav_segment_29_nan.wav.png,1
boxed_nn01a_20180305_000000.wav_segment_30_marginal.wav.png,1
boxed_nn01a_20180305_000000.wav_segment_31_marginal.wav.png,1
boxed_nn01a_20180305_000000.wav_segment_33_nan.wav.png,1
boxed_nn01a_20180305_000000.wav_segment_34_nan.wav.png,1
boxed_nn01a_20180305_000000.wav_segment_35_marginal.wav.png,1
boxed_nn01a_20180305_000000.wav_segment_37_nan.wav.png,1
boxed_nn01a_20180305_000000.wav_segment_38_nan.wav.png,1
boxed_nn01a_20180305_000000.wav_segment_39_nan.wav.png,1
boxed_nn01a_20180305_000000.wav_segment_40_nan.wav.png,1
boxed_nn01a_20180305_000000.wav_segment_41_nan.wav.png,1
boxed_nn01a_20180305_000000.wav_segment_42_nan.wav.png,1
boxed_nn01a_20180305_000000.wav_segment_43_nan.wav.png,1
boxed_nn01a_20180305_000000.wav_segment_44_nan.wav.png,1
boxed_nn01a_20180305_000000.wav_segment_45_nan.wav.png,1
boxed_nn01a_20180305_000000.wav_segment_46_nan.wav.png,1
boxed_nn01a_20180305_000000.wav_segment_47_nan.wav.png,1
boxed_nn01a_20180305_000000.wav_segment_48_nan.wav.png,1
boxed_nn01a_20180305_000000.wav_segment_49_nan.wav.png,1
boxed_nn01a_20180305_000000.wav_segment_50_nan.wav.png,1
boxed_nn01a_20180305_000000.wav_segment_51_nan.wav.png,1
boxed_nn01a_20180305_000000.wav_segment_52_nan.wav.png,1
boxed_nn01a_20180305_000000.wav_segment_53_nan.wav.png,1
boxed_nn01a_20180305_000000.wav_segment_54_nan.wav.png,1
boxed_nn01a_20180305_000000.wav_segment_55_nan.wav.png,1
boxed_nn01a_20180305_000000.wav_segment_56_nan.wav.png,1
boxed_nn01a_20180305_000000.wav_segment_57_nan.wav.png,1
boxed_nn01a_20180305_000000.wav_segment_58_nan.wav.png,1
boxed_nn01a_20180305_000000.wav_segment_59_nan.wav.png,1
boxed_nn01a_20180305_000000.wav_segment_60_nan.wav.png,1
boxed_nn01a_20180324_000000.wav_segment_61_nan.wav.png,1
boxed_nn01a_20180324_000000.wav_segment_62_nan.wav.png,1
boxed_nn01a_20180324_000000.wav_segment_63_nan.wav.png,1
boxed_nn01a_20180330_000000.wav_segment_64_nan.wav.png,1
boxed_nn01a_20180619_000000.wav_segment_67_marginal.wav.png,1
boxed_nn01a_20180619_000000.wav_segment_68_marginal.wav.png,1
boxed_nn01a_20180619_000000.wav_segment_69_nan.wav.png,1
boxed_nn01a_20180619_000000.wav_segment_70_nan.wav.png,1
boxed_nn01a_20180619_000000.wav_segment_71_nan.wav.png,1
boxed_nn01a_20180619_000000.wav_segment_72_nan.wav.png,1
boxed_nn01a_20180619_000000.wav_segment_73_marginal.wav.png,1
boxed_nn01a_20180706_000000.wav_segment_76_nan.wav.png,1
boxed_nn01a_20180706_000000.wav_segment_77_nan.wav.png,1
boxed_nn01a_20180706_000000.wav_segment_78_nan.wav.png,1
boxed_nn01a_20180706_000000.wav_segment_79_nan.wav.png,1
boxed_nn01a_20180706_000000.wav_segment_80_nan.wav.png,1
boxed_nn01a_20180706_000000.wav_segment_81_nan.wav.png,1
boxed_nn01b_20180220_000000.wav_segment_82_nan.wav.png,1
boxed_nn01b_20180220_000000.wav_segment_83_nan.wav.png,1
boxed_nn01b_20180220_000000.wav_segment_84_nan.wav.png,1
boxed_nn01b_20180220_000000.wav_segment_85_nan.wav.png,1
boxed_nn01b_20180309_000000.wav_segment_87_nan.wav.png,1
boxed_nn01b_20180309_000000.wav_segment_88_nan.wav.png,1
boxed_nn01b_20180309_000000.wav_segment_92_nan.wav.png,1
boxed_nn01b_20180309_000000.wav_segment_93_nan.wav.png,1
boxed_nn01b_20180309_000000.wav_segment_96_marginal.wav.png,1
boxed_nn01b_20180309_000000.wav_segment_97_nan.wav.png,1
boxed_nn01b_20180309_000000.wav_segment_98_nan.wav.png,1
boxed_nn01b_20180309_000000.wav_segment_99_nan.wav.png,1
boxed_nn01b_20180311_000000.wav_segment_100_nan.wav.png,1
boxed_nn01b_20180510_000000.wav_segment_101_nan.wav.png,1
boxed_nn01b_20180510_000000.wav_segment_102_nan.wav.png,1
boxed_nn01b_20180510_000000.wav_segment_103_marginal.wav.png,1
boxed_nn01b_20180510_000000.wav_segment_104_nan.wav.png,1
boxed_nn01b_20180510_000000.wav_segment_105_nan.wav.png,1
boxed_nn01b_20180510_000000.wav_segment_106_nan.wav.png,1
boxed_nn01b_20180510_000000.wav_segment_107_nan.wav.png,1
boxed_nn01b_20180510_000000.wav_segment_108_nan.wav.png,1
boxed_nn01b_20180510_000000.wav_segment_110_nan.wav.png,1
boxed_nn01b_20180510_000000.wav_segment_111_nan.wav.png,1
boxed_nn01b_20180510_000000.wav_segment_112_nan.wav.png,1
boxed_nn01b_20180510_000000.wav_segment_113_nan.wav.png,1
boxed_nn01b_20180510_000000.wav_segment_114_nan.wav.png,1
boxed_nn01b_20180510_000000.wav_segment_115_marginal.wav.png,1
boxed_nn01b_20180510_000000.wav_segment_116_nan.wav.png,1
boxed_nn01b_20180702_000000.wav_segment_117_nan.wav.png,1
boxed_nn01b_20180702_000000.wav_segment_118_nan.wav.png,1
boxed_nn01b_20180702_000000.wav_segment_119_marginal.wav.png,1
boxed_nn01b_20180702_000000.wav_segment_120_nan.wav.png,1
boxed_nn01b_20180702_000000.wav_segment_121_nan.wav.png,1
boxed_nn01b_20180702_000000.wav_segment_122_marginal.wav.png,1
boxed_nn01b_20180702_000000.wav_segment_123_nan.wav.png,1
boxed_nn01b_20180702_000000.wav_segment_124_marginal.wav.png,1
boxed_nn01b_20180702_000000.wav_segment_125_nan.wav.png,1
boxed_nn01b_20180702_000000.wav_segment_126_marginal.wav.png,1
boxed_nn01b_20180702_000000.wav_segment_128_nan.wav.png,1
boxed_nn01b_20180702_000000.wav_segment_129_nan.wav.png,1
boxed_nn01b_20180702_000000.wav_segment_130_marginal.wav.png,1
boxed_nn01b_20180702_000000.wav_segment_131_marginal.wav.png,1
boxed_nn01b_20180702_000000.wav_segment_133_nan.wav.png,1
boxed_nn01b_20180702_000000.wav_segment_134_nan.wav.png,1
boxed_nn01b_20180702_000000.wav_segment_136_nan.wav.png,1
boxed_nn01b_20180702_000000.wav_segment_137_nan.wav.png,1
boxed_nn01b_20180702_000000.wav_segment_138_nan.wav.png,1
boxed_nn01b_20180702_000000.wav_segment_140_nan.wav.png,1
boxed_nn01b_20180702_000000.wav_segment_142_marginal.wav.png,1
boxed_nn01b_20180702_000000.wav_segment_143_nan.wav.png,1
boxed_nn01b_20180702_000000.wav_segment_145_marginal.wav.png,1
boxed_nn01b_20180702_000000.wav_segment_146_marginal.wav.png,1
boxed_nn01b_20180702_000000.wav_segment_147_nan.wav.png,1
boxed_nn01b_20180702_000000.wav_segment_148_nan.wav.png,1
boxed_nn01b_20180702_000000.wav_segment_149_nan.wav.png,1
boxed_nn01b_20180702_000000.wav_segment_151_nan.wav.png,1
boxed_nn01b_20180702_000000.wav_segment_152_nan.wav.png,1
boxed_nn01b_20180702_000000.wav_segment_153_nan.wav.png,1
boxed_nn01b_20180702_000000.wav_segment_154_nan.wav.png,1
boxed_nn01b_20180702_000000.wav_segment_155_nan.wav.png,1
boxed_nn01b_20180702_000000.wav_segment_156_nan.wav.png,1
boxed_nn01b_20180702_000000.wav_segment_157_nan.wav.png,1
boxed_nn01b_20180702_000000.wav_segment_158_marginal.wav.png,1
boxed_nn01b_20180702_000000.wav_segment_159_marginal.wav.png,1
boxed_nn01b_20180702_000000.wav_segment_160_nan.wav.png,1
boxed_nn01b_20180702_000000.wav_segment_161_nan.wav.png,1
boxed_nn01b_20180702_000000.wav_segment_162_nan.wav.png,1
boxed_nn01b_20180702_000000.wav_segment_163_marginal.wav.png,1
boxed_nn01b_20180702_000000.wav_segment_164_nan.wav.png,1
boxed_nn01b_20180702_000000.wav_segment_165_nan.wav.png,1
boxed_nn01b_20180702_000000.wav_segment_166_nan.wav.png,1
boxed_nn01b_20180702_000000.wav_segment_167_marginal.wav.png,1
boxed_nn01b_20180702_000000.wav_segment_168_nan.wav.png,1
boxed_nn01b_20180702_000000.wav_segment_169_nan.wav.png,1
boxed_nn01b_20180702_000000.wav_segment_170_nan.wav.png,1
boxed_nn01b_20180702_000000.wav_segment_171_nan.wav.png,1
boxed_nn01b_20180702_000000.wav_segment_172_nan.wav.png,1
boxed_nn01b_20180702_000000.wav_segment_175_marginal.wav.png,1
boxed_nn01c_20180204_000000.wav_segment_177_nan.wav.png,1
boxed_nn01c_20180222_000000.wav_segment_179_nan.wav.png,1
boxed_nn01c_20180222_000000.wav_segment_180_nan.wav.png,1
boxed_nn01c_20180222_000000.wav_segment_181_marginal.wav.png,1
boxed_nn01c_20180222_000000.wav_segment_182_marginal.wav.png,1
boxed_nn01c_20180302_000000.wav_segment_183_nan.wav.png,1
boxed_nn01c_20180302_000000.wav_segment_184_nan.wav.png,1
boxed_nn01c_20180302_000000.wav_segment_185_nan.wav.png,1
boxed_nn01c_20180302_000000.wav_segment_186_nan.wav.png,1
boxed_nn01c_20180305_000000.wav_segment_189_nan.wav.png,1
boxed_nn01c_20180311_000000.wav_segment_190_nan.wav.png,1
boxed_nn01c_20180311_000000.wav_segment_191_nan.wav.png,1
boxed_nn01c_20180311_000000.wav_segment_192_marginal.wav.png,1
boxed_nn01c_20180311_000000.wav_segment_193_nan.wav.png,1
boxed_nn01c_20180311_000000.wav_segment_194_marginal.wav.png,1
boxed_nn01c_20180311_000000.wav_segment_195_marginal.wav.png,1
boxed_nn01c_20180311_000000.wav_segment_196_nan.wav.png,1
boxed_nn01c_20180311_000000.wav_segment_197_nan.wav.png,1
boxed_nn01c_20180311_000000.wav_segment_198_nan.wav.png,1
boxed_nn01c_20180311_000000.wav_segment_199_nan.wav.png,1
boxed_nn01c_20180323_000000.wav_segment_200_nan.wav.png,1
boxed_nn01c_20180402_000000.wav_segment_201_marginal.wav.png,1
boxed_nn01c_20180402_000000.wav_segment_202_nan.wav.png,1
boxed_nn01c_20180402_000000.wav_segment_203_marginal.wav.png,1
boxed_nn01c_20180402_000000.wav_segment_204_nan.wav.png,1
boxed_nn01c_20180402_000000.wav_segment_205_nan.wav.png,1
boxed_nn01c_20180402_000000.wav_segment_206_nan.wav.png,1
boxed_nn01c_20180402_000000.wav_segment_207_nan.wav.png,1
boxed_nn01c_20180402_000000.wav_segment_208_nan.wav.png,1
boxed_nn01c_20180402_000000.wav_segment_209_nan.wav.png,1
boxed_nn01c_20180402_000000.wav_segment_210_nan.wav.png,1
boxed_nn01c_20180402_000000.wav_segment_211_nan.wav.png,1
boxed_nn01c_20180402_000000.wav_segment_212_nan.wav.png,1
boxed_nn01c_20180402_000000.wav_segment_213_nan.wav.png,1
boxed_nn01c_20180402_000000.wav_segment_214_nan.wav.png,1
boxed_nn01c_20180402_000000.wav_segment_215_nan.wav.png,1
boxed_nn01c_20180402_000000.wav_segment_216_nan.wav.png,1
boxed_nn01c_20180402_000000.wav_segment_217_nan.wav.png,1
boxed_nn01c_20180402_000000.wav_segment_218_nan.wav.png,1
boxed_nn01c_20180402_000000.wav_segment_219_nan.wav.png,1
boxed_nn01c_20180402_000000.wav_segment_220_nan.wav.png,1
boxed_nn01c_20180402_000000.wav_segment_221_nan.wav.png,1
boxed_nn01c_20180402_000000.wav_segment_222_nan.wav.png,1
boxed_nn01c_20180402_000000.wav_segment_223_nan.wav.png,1
boxed_nn01c_20180402_000000.wav_segment_224_nan.wav.png,1
boxed_nn01c_20180402_000000.wav_segment_225_nan.wav.png,1
boxed_nn01c_20180402_000000.wav_segment_226_nan.wav.png,1
boxed_nn01c_20180402_000000.wav_segment_227_nan.wav.png,1
boxed_nn01c_20180402_000000.wav_segment_228_nan.wav.png,1
boxed_nn01c_20180402_000000.wav_segment_229_nan.wav.png,1
boxed_nn01c_20180402_000000.wav_segment_230_nan.wav.png,1
boxed_nn01c_20180402_000000.wav_segment_231_nan.wav.png,1
boxed_nn01c_20180402_000000.wav_segment_232_nan.wav.png,1
boxed_nn01c_20180402_000000.wav_segment_233_nan.wav.png,1
boxed_nn01c_20180402_000000.wav_segment_234_nan.wav.png,1
boxed_nn01c_20180402_000000.wav_segment_235_nan.wav.png,1
boxed_nn01c_20180402_000000.wav_segment_236_nan.wav.png,1
boxed_nn01c_20180402_000000.wav_segment_237_nan.wav.png,1
boxed_nn01c_20180402_000000.wav_segment_238_nan.wav.png,1
boxed_nn01c_20180402_000000.wav_segment_239_nan.wav.png,1
boxed_nn01c_20180402_000000.wav_segment_240_nan.wav.png,1
boxed_nn01c_20180402_000000.wav_segment_241_nan.wav.png,1
boxed_nn01c_20180402_000000.wav_segment_242_nan.wav.png,1
boxed_nn01c_20180402_000000.wav_segment_243_nan.wav.png,1
boxed_nn01c_20180402_000000.wav_segment_244_nan.wav.png,1
boxed_nn01c_20180402_000000.wav_segment_245_nan.wav.png,1
boxed_nn01c_20180417_000000.wav_segment_246_nan.wav.png,1
boxed_nn01c_20180417_000000.wav_segment_247_marginal.wav.png,1
boxed_nn01c_20180417_000000.wav_segment_248_nan.wav.png,1
boxed_nn01c_20180417_000000.wav_segment_249_nan.wav.png,1
boxed_nn01c_20180417_000000.wav_segment_250_nan.wav.png,1
boxed_nn01c_20180417_000000.wav_segment_251_marginal.wav.png,1
boxed_nn01c_20180417_000000.wav_segment_252_marginal.wav.png,1
boxed_nn01c_20180417_000000.wav_segment_253_nan.wav.png,1
boxed_nn01c_20180417_000000.wav_segment_255_nan.wav.png,1
boxed_nn01c_20180417_000000.wav_segment_256_nan.wav.png,1
boxed_nn01c_20180417_000000.wav_segment_257_nan.wav.png,1
boxed_nn01c_20180417_000000.wav_segment_258_marginal.wav.png,1
boxed_nn01c_20180425_000000.wav_segment_260_nan.wav.png,1
boxed_nn01c_20180425_000000.wav_segment_261_nan.wav.png,1
boxed_nn01c_20180425_000000.wav_segment_262_marginal.wav.png,1
boxed_nn01c_20180425_000000.wav_segment_263_nan.wav.png,1
boxed_nn01c_20180425_000000.wav_segment_264_nan.wav.png,1
boxed_nn01c_20180425_000000.wav_segment_265_marginal.wav.png,1
boxed_nn01c_20180425_000000.wav_segment_266_nan.wav.png,1
boxed_nn01c_20180425_000000.wav_segment_267_marginal.wav.png,1
boxed_nn01c_20180425_000000.wav_segment_268_marginal.wav.png,1
boxed_nn01c_20180425_000000.wav_segment_269_marginal.wav.png,1
boxed_nn01c_20180501_000000.wav_segment_270_nan.wav.png,1
boxed_nn01c_20180501_000000.wav_segment_271_nan.wav.png,1
boxed_nn01c_20180501_000000.wav_segment_274_nan.wav.png,1
boxed_nn01c_20180501_000000.wav_segment_275_nan.wav.png,1
boxed_nn01c_20180501_000000.wav_segment_278_nan.wav.png,1
boxed_nn01c_20180501_000000.wav_segment_279_nan.wav.png,1
boxed_nn01c_20180501_000000.wav_segment_280_nan.wav.png,1
boxed_nn01c_20180501_000000.wav_segment_282_nan.wav.png,1
boxed_nn01c_20180501_000000.wav_segment_283_nan.wav.png,1
boxed_nn01c_20180501_000000.wav_segment_285_nan.wav.png,1
boxed_nn01c_20180501_000000.wav_segment_286_nan.wav.png,1
boxed_nn01c_20180501_000000.wav_segment_287_nan.wav.png,1
boxed_nn01c_20180501_000000.wav_segment_288_nan.wav.png,1
boxed_nn01c_20180501_000000.wav_segment_289_nan.wav.png,1
boxed_nn01c_20180501_000000.wav_segment_290_nan.wav.png,1
boxed_nn01c_20180501_000000.wav_segment_291_marginal.wav.png,1
boxed_nn01c_20180501_000000.wav_segment_292_nan.wav.png,1
boxed_nn01c_20180501_000000.wav_segment_293_nan.wav.png,1
boxed_nn01c_20180524_000000.wav_segment_294_marginal.wav.png,1
boxed_nn01c_20180524_000000.wav_segment_295_marginal.wav.png,1
boxed_nn01c_20180524_000000.wav_segment_296_marginal.wav.png,1
boxed_nn01c_20180524_000000.wav_segment_297_nan.wav.png,1
boxed_nn01c_20180524_000000.wav_segment_300_nan.wav.png,1
boxed_nn01c_20180524_000000.wav_segment_301_marginal.wav.png,1
boxed_nn01c_20180524_000000.wav_segment_302_nan.wav.png,1
boxed_nn01c_20180524_000000.wav_segment_303_nan.wav.png,1
boxed_nn01c_20180524_000000.wav_segment_304_nan.wav.png,1
boxed_nn01c_20180524_000000.wav_segment_305_marginal.wav.png,1
boxed_nn01c_20180524_000000.wav_segment_306_nan.wav.png,1
boxed_nn01c_20180524_000000.wav_segment_307_nan.wav.png,1
boxed_nn01c_20180524_000000.wav_segment_308_nan.wav.png,1
boxed_nn01c_20180524_000000.wav_segment_309_nan.wav.png,1
boxed_nn01c_20180524_000000.wav_segment_310_nan.wav.png,1
boxed_nn01c_20180524_000000.wav_segment_311_nan.wav.png,1
boxed_nn01c_20180524_000000.wav_segment_312_nan.wav.png,1
boxed_nn01c_20180625_000000.wav_segment_316_nan.wav.png,1
boxed_nn01c_20180625_000000.wav_segment_317_marginal.wav.png,1
boxed_nn01c_20180625_000000.wav_segment_318_nan.wav.png,1
boxed_nn01c_20180625_000000.wav_segment_319_nan.wav.png,1
boxed_nn01c_20180625_000000.wav_segment_320_nan.wav.png,1
boxed_nn01c_20180625_000000.wav_segment_321_nan.wav.png,1
boxed_nn01c_20180625_000000.wav_segment_322_nan.wav.png,1
boxed_nn01c_20180625_000000.wav_segment_323_nan.wav.png,1
boxed_nn01c_20180625_000000.wav_segment_324_nan.wav.png,1
boxed_nn01c_20180625_000000.wav_segment_325_nan.wav.png,1
boxed_nn01c_20180625_000000.wav_segment_326_nan.wav.png,1
boxed_nn01c_20180625_000000.wav_segment_327_marginal.wav.png,1
boxed_nn01c_20180625_000000.wav_segment_328_nan.wav.png,1
boxed_nn01c_20180625_000000.wav_segment_329_nan.wav.png,1
boxed_nn01c_20180625_000000.wav_segment_330_nan.wav.png,1
boxed_nn01c_20180625_000000.wav_segment_332_nan.wav.png,1
boxed_nn01c_20180625_000000.wav_segment_333_nan.wav.png,1
boxed_nn01d_20180127_000000.wav_segment_1_nan.wav.png,1
boxed_nn01d_20180127_000000.wav_segment_2_nan.wav.png,1
boxed_nn01d_20180127_000000.wav_segment_3_nan.wav.png,1
boxed_nn01d_20180222_000000.wav_segment_334_nan.wav.png,1
boxed_nn01d_20180222_000000.wav_segment_335_nan.wav.png,1
boxed_nn01d_20180611_000000.wav_segment_336_nan.wav.png,1
boxed_nn01d_20180611_000000.wav_segment_337_nan.wav.png,1
boxed_nn01d_20180611_000000.wav_segment_338_nan.wav.png,1
boxed_nn01d_20180611_000000.wav_segment_339_nan.wav.png,1
boxed_nn01d_20180611_000000.wav_segment_340_nan.wav.png,1
boxed_nn01d_20180611_000000.wav_segment_341_nan.wav.png,1
boxed_nn01d_20180611_000000.wav_segment_342_nan.wav.png,1
boxed_nn01d_20180611_000000.wav_segment_343_nan.wav.png,1
boxed_nn01d_20180611_000000.wav_segment_344_nan.wav.png,1
boxed_nn01d_20180611_000000.wav_segment_345_marginal.wav.png,1
boxed_nn01d_20180611_000000.wav_segment_346_marginal.wav.png,1
boxed_nn01d_20180611_000000.wav_segment_347_marginal.wav.png,1
boxed_nn01d_20180611_000000.wav_segment_348_marginal.wav.png,1
boxed_nn01d_20180611_000000.wav_segment_349_nan.wav.png,1
boxed_nn01d_20180611_000000.wav_segment_350_nan.wav.png,1
boxed_nn01d_20180611_000000.wav_segment_351_nan.wav.png,1
boxed_nn01d_20180611_000000.wav_segment_352_nan.wav.png,1
boxed_nn01d_20180611_000000.wav_segment_353_marginal.wav.png,1
boxed_nn01d_20180611_000000.wav_segment_354_nan.wav.png,1
boxed_nn01d_20180730_000000.wav_segment_355_nan.wav.png,1
boxed_nn01d_20180730_000000.wav_segment_356_nan.wav.png,1
boxed_nn01d_20180730_000000.wav_segment_357_nan.wav.png,1
boxed_nn01d_20180730_000000.wav_segment_358_nan.wav.png,1
boxed_nn01d_20180730_000000.wav_segment_359_nan.wav.png,1
boxed_nn01d_20180730_000000.wav_segment_360_nan.wav.png,1
boxed_nn01d_20180730_000000.wav_segment_361_nan.wav.png,1
boxed_nn01d_20180730_000000.wav_segment_362_nan.wav.png,1
boxed_nn01d_20180730_000000.wav_segment_363_nan.wav.png,1
boxed_nn01d_20180730_000000.wav_segment_364_nan.wav.png,1
boxed_nn01d_20180730_000000.wav_segment_365_nan.wav.png,1
boxed_nn01d_20180730_000000.wav_segment_366_nan.wav.png,1
boxed_nn01d_20180730_000000.wav_segment_367_nan.wav.png,1
boxed_nn01d_20180730_000000.wav_segment_368_nan.wav.png,1
boxed_nn01d_20180730_000000.wav_segment_369_nan.wav.png,1
boxed_nn01d_20180730_000000.wav_segment_370_nan.wav.png,1
boxed_nn01d_20180730_000000.wav_segment_371_nan.wav.png,1
boxed_nn01d_20180730_000000.wav_segment_372_nan.wav.png,1
boxed_nn01d_20180730_000000.wav_segment_373_nan.wav.png,1
boxed_nn01d_20180730_000000.wav_segment_374_nan.wav.png,1
boxed_nn01d_20180730_000000.wav_segment_375_nan.wav.png,1
boxed_nn01d_20180730_000000.wav_segment_376_marginal.wav.png,1
boxed_nn01d_20180730_000000.wav_segment_377_nan.wav.png,1
boxed_nn01d_20180730_000000.wav_segment_378_nan.wav.png,1
boxed_nn01d_20180730_000000.wav_segment_379_nan.wav.png,1
boxed_nn01d_20180730_000000.wav_segment_380_nan.wav.png,1
boxed_nn01d_20180730_000000.wav_segment_381_nan.wav.png,1
boxed_nn01d_20180730_000000.wav_segment_382_nan.wav.png,1
boxed_nn01e_20180620_100134.wav_segment_383_nan.wav.png,1
boxed_nn01e_20180620_100134.wav_segment_384_nan.wav.png,1
boxed_nn01e_20180620_100134.wav_segment_385_nan.wav.png,1
boxed_nn01e_20180620_100134.wav_segment_386_nan.wav.png,1
boxed_nn01e_20180620_100134.wav_segment_387_nan.wav.png,1
boxed_nn01e_20180620_100134.wav_segment_388_nan.wav.png,1
boxed_nn01e_20180620_100134.wav_segment_389_nan.wav.png,1
boxed_nn01e_20180620_100134.wav_segment_390_nan.wav.png,1
boxed_nn01e_20180620_100134.wav_segment_391_nan.wav.png,1
boxed_nn01e_20180620_100134.wav_segment_392_nan.wav.png,1
boxed_nn01e_20180620_100134.wav_segment_393_nan.wav.png,1
boxed_nn01e_20180620_100134.wav_segment_394_nan.wav.png,1
boxed_nn01e_20180620_100134.wav_segment_395_nan.wav.png,1
boxed_nn01e_20180620_100134.wav_segment_396_nan.wav.png,1
boxed_nn01e_20180620_100134.wav_segment_397_nan.wav.png,1
boxed_nn01e_20180620_100134.wav_segment_398_nan.wav.png,1
boxed_nn01e_20180620_100134.wav_segment_399_nan.wav.png,1
boxed_nn01e_20180620_100134.wav_segment_400_nan.wav.png,1
boxed_nn01e_20180620_100134.wav_segment_401_nan.wav.png,1
boxed_nn01e_20180620_100134.wav_segment_402_nan.wav.png,1
boxed_nn01e_20180620_100134.wav_segment_403_nan.wav.png,1
boxed_nn01e_20180620_100134.wav_segment_404_nan.wav.png,1
boxed_nn01e_20180620_100134.wav_segment_405_nan.wav.png,1
boxed_nn01e_20180620_100134.wav_segment_406_marginal.wav.png,1
boxed_nn01e_20180620_100134.wav_segment_407_nan.wav.png,1
boxed_nn01e_20180620_100134.wav_segment_408_nan.wav.png,1
boxed_nn01e_20180620_100134.wav_segment_409_nan.wav.png,1
boxed_nn01e_20180620_100134.wav_segment_410_nan.wav.png,1
boxed_nn01e_20180620_100134.wav_segment_411_nan.wav.png,1
boxed_nn01e_20180620_100134.wav_segment_412_nan.wav.png,1
boxed_nn01e_20180620_100134.wav_segment_413_marginal.wav.png,1
boxed_nn01e_20180620_100134.wav_segment_414_nan.wav.png,1
boxed_nn01e_20180620_100134.wav_segment_415_nan.wav.png,1
boxed_nn01e_20180620_100134.wav_segment_416_nan.wav.png,1
boxed_nn01e_20180620_100134.wav_segment_418_nan.wav.png,1
boxed_nn01e_20180620_100134.wav_segment_419_marginal.wav.png,1
boxed_nn01e_20180620_100134.wav_segment_420_marginal.wav.png,1
boxed_nn01e_20180620_100134.wav_segment_422_marginal.wav.png,1
boxed_nn01e_20180620_100134.wav_segment_423_marginal.wav.png,1
boxed_nn01e_20180620_100134.wav_segment_424_nan.wav.png,1
boxed_nn01e_20180620_100134.wav_segment_426_marginal.wav.png,1
boxed_nn01e_20180620_100134.wav_segment_427_nan.wav.png,1
boxed_nn01e_20180620_100134.wav_segment_428_marginal.wav.png,1
boxed_nn01e_20180620_100134.wav_segment_429_nan.wav.png,1
boxed_nn01e_20180828_100134.wav_segment_430_nan.wav.png,1
boxed_nn01e_20180828_100134.wav_segment_431_nan.wav.png,1
boxed_nn01e_20180828_100134.wav_segment_432_nan.wav.png,1
boxed_nn01e_20180828_100134.wav_segment_433_nan.wav.png,1
boxed_nn01e_20180828_100134.wav_segment_434_marginal.wav.png,1
boxed_nn01e_20180828_100134.wav_segment_435_nan.wav.png,1
boxed_nn01e_20180828_100134.wav_segment_436_nan.wav.png,1
boxed_nn01e_20180828_100134.wav_segment_437_nan.wav.png,1
boxed_nn01e_20180828_100134.wav_segment_438_nan.wav.png,1
boxed_nn01e_20180828_100134.wav_segment_439_nan.wav.png,1
boxed_nn01e_20180828_100134.wav_segment_440_nan.wav.png,1
boxed_nn01e_20180828_100134.wav_segment_441_nan.wav.png,1
boxed_nn01e_20180828_100134.wav_segment_442_nan.wav.png,1
boxed_nn01e_20180828_100134.wav_segment_443_nan.wav.png,1
boxed_nn01e_20180828_100134.wav_segment_444_nan.wav.png,1
boxed_nn01e_20180828_100134.wav_segment_445_nan.wav.png,1
boxed_nn01e_20180828_100134.wav_segment_446_nan.wav.png,1
boxed_nn01e_20180828_100134.wav_segment_447_nan.wav.png,1
boxed_nn01e_20180828_100134.wav_segment_448_nan.wav.png,1
boxed_nn01e_20180828_100134.wav_segment_449_nan.wav.png,1
boxed_nn01e_20180828_100134.wav_segment_450_nan.wav.png,1
boxed_nn01e_20180828_100134.wav_segment_451_nan.wav.png,1
boxed_nn01e_20180828_100134.wav_segment_452_nan.wav.png,1
boxed_nn01e_20180828_100134.wav_segment_453_nan.wav.png,1
boxed_nn01e_20180828_100134.wav_segment_454_nan.wav.png,1
boxed_nn01e_20180828_100134.wav_segment_455_nan.wav.png,1
boxed_nn01e_20180828_100134.wav_segment_456_marginal.wav.png,1
boxed_nn01e_20180828_100134.wav_segment_457_marginal.wav.png,1
boxed_nn01e_20180828_100134.wav_segment_458_nan.wav.png,1
boxed_nn01e_20180828_100134.wav_segment_459_nan.wav.png,1
boxed_nn01e_20180828_100134.wav_segment_460_nan.wav.png,1
boxed_nn01e_20180828_100134.wav_segment_461_nan.wav.png,1
boxed_nn01e_20180828_100134.wav_segment_462_nan.wav.png,1
boxed_nn01f_20180501_000000.wav_segment_463_nan.wav.png,1
boxed_nn01f_20180709_000000.wav_segment_464_nan.wav.png,1
boxed_nn01f_20180709_000000.wav_segment_465_nan.wav.png,1
boxed_nn01f_20180709_000000.wav_segment_466_nan.wav.png,1
boxed_nn01f_20180709_000000.wav_segment_467_nan.wav.png,1
boxed_nn01f_20180709_000000.wav_segment_468_nan.wav.png,1
boxed_nn01f_20180709_000000.wav_segment_470_nan.wav.png,1
boxed_nn01f_20180709_000000.wav_segment_471_nan.wav.png,1
boxed_nn01f_20180709_000000.wav_segment_472_marginal.wav.png,1
boxed_nn01f_20180709_000000.wav_segment_474_nan.wav.png,1
boxed_nn01f_20180709_000000.wav_segment_475_marginal.wav.png,1
boxed_nn01f_20180709_000000.wav_segment_476_marginal.wav.png,1
boxed_nn01f_20180709_000000.wav_segment_477_marginal.wav.png,1
boxed_nn01f_20180709_000000.wav_segment_478_nan.wav.png,1
boxed_nn01f_20180709_000000.wav_segment_479_marginal.wav.png,1
boxed_nn01f_20180709_000000.wav_segment_482_nan.wav.png,1
boxed_nn01f_20180709_000000.wav_segment_484_nan.wav.png,1
boxed_nn01f_20180709_000000.wav_segment_485_nan.wav.png,1
boxed_nn01f_20180709_000000.wav_segment_486_nan.wav.png,1
boxed_nn01f_20180709_000000.wav_segment_488_nan.wav.png,1
boxed_nn01f_20180709_000000.wav_segment_489_marginal.wav.png,1
boxed_nn01f_20180709_000000.wav_segment_490_marginal.wav.png,1
boxed_nn01f_20180709_000000.wav_segment_491_marginal.wav.png,1
boxed_nn01f_20180709_000000.wav_segment_492_nan.wav.png,1
boxed_nn01f_20180709_000000.wav_segment_493_nan.wav.png,1
boxed_nn01f_20180709_000000.wav_segment_494_marginal.wav.png,1
boxed_nn01f_20180709_000000.wav_segment_495_nan.wav.png,1
boxed_nn01f_20180709_000000.wav_segment_496_nan.wav.png,1
boxed_nn01f_20180709_000000.wav_segment_497_nan.wav.png,1
boxed_nn01f_20180709_000000.wav_segment_498_nan.wav.png,1
boxed_nn01f_20180709_000000.wav_segment_499_marginal.wav.png,1
boxed_nn01f_20180709_000000.wav_segment_500_nan.wav.png,1
boxed_nn01f_20180709_000000.wav_segment_502_marginal.wav.png,1
boxed_nn01f_20180709_000000.wav_segment_503_nan.wav.png,1
boxed_nn01f_20180709_000000.wav_segment_504_nan.wav.png,1
boxed_nn01f_20180709_000000.wav_segment_505_nan.wav.png,1
boxed_nn01f_20180709_000000.wav_segment_506_nan.wav.png,1
boxed_nn01f_20180709_000000.wav_segment_507_nan.wav.png,1
boxed_nn01f_20180709_000000.wav_segment_508_nan.wav.png,1
boxed_nn01f_20180709_000000.wav_segment_509_nan.wav.png,1
boxed_nn01f_20180709_000000.wav_segment_510_nan.wav.png,1
boxed_nn01f_20180709_000000.wav_segment_511_nan.wav.png,1
boxed_nn01f_20180728_000000.wav_segment_512_nan.wav.png,1
boxed_nn01f_20180728_000000.wav_segment_513_nan.wav.png,1
boxed_nn01f_20180728_000000.wav_segment_514_nan.wav.png,1
boxed_nn01f_20180728_000000.wav_segment_515_nan.wav.png,1
boxed_nn01f_20180728_000000.wav_segment_516_nan.wav.png,1
boxed_nn01f_20180728_000000.wav_segment_517_nan.wav.png,1
boxed_nn01f_20180728_000000.wav_segment_518_nan.wav.png,1
boxed_nn01f_20180728_000000.wav_segment_519_nan.wav.png,1
boxed_nn01f_20180728_000000.wav_segment_520_nan.wav.png,1
boxed_nn01f_20180728_000000.wav_segment_521_nan.wav.png,1
boxed_nn01f_20180728_000000.wav_segment_522_nan.wav.png,1
boxed_nn01f_20180728_000000.wav_segment_523_nan.wav.png,1
boxed_nn01f_20180728_000000.wav_segment_524_nan.wav.png,1
boxed_nn01f_20180728_000000.wav_segment_525_nan.wav.png,1
boxed_nn01f_20180728_000000.wav_segment_526_nan.wav.png,1
boxed_nn01f_20180728_000000.wav_segment_527_nan.wav.png,1
boxed_nn01f_20180728_000000.wav_segment_528_nan.wav.png,1
boxed_nn01f_20180728_000000.wav_segment_529_nan.wav.png,1
boxed_nn01f_20180728_000000.wav_segment_530_nan.wav.png,1
boxed_nn01f_20180728_000000.wav_segment_531_nan.wav.png,1
boxed_nn01f_20180728_000000.wav_segment_532_nan.wav.png,1
boxed_nn01f_20180728_000000.wav_segment_533_nan.wav.png,1
boxed_nn01f_20180728_000000.wav_segment_534_marginal.wav.png,1
boxed_nn01f_20180728_000000.wav_segment_535_nan.wav.png,1
boxed_nn01f_20180728_000000.wav_segment_536_nan.wav.png,1
boxed_nn01f_20180728_000000.wav_segment_537_nan.wav.png,1
boxed_nn01f_20180728_000000.wav_segment_538_nan.wav.png,1
boxed_nn01f_20180728_000000.wav_segment_542_nan.wav.png,1
boxed_nn01f_20180728_000000.wav_segment_543_marginal.wav.png,1
boxed_nn01g_20180702_000000.wav_segment_545_nan.wav.png,1
boxed_nn01g_20180702_000000.wav_segment_547_marginal.wav.png,1
boxed_nn01g_20180702_000000.wav_segment_548_marginal.wav.png,1
boxed_nn01g_20180702_000000.wav_segment_549_nan.wav.png,1
boxed_nn01g_20180702_000000.wav_segment_550_marginal.wav.png,1
boxed_nn01g_20180702_000000.wav_segment_553_marginal.wav.png,1
boxed_nn01g_20180702_000000.wav_segment_554_nan.wav.png,1
boxed_nn01g_20180702_000000.wav_segment_556_nan.wav.png,1
boxed_nn01g_20180702_000000.wav_segment_557_marginal.wav.png,1
boxed_nn01g_20180702_000000.wav_segment_558_marginal.wav.png,1
boxed_nn01g_20180808_000000.wav_segment_560_marginal.wav.png,1
boxed_nn01g_20180808_000000.wav_segment_561_nan.wav.png,1
boxed_nn01g_20180808_000000.wav_segment_562_nan.wav.png,1
boxed_nn01g_20180808_000000.wav_segment_563_nan.wav.png,1
boxed_nn01g_20180808_000000.wav_segment_564_marginal.wav.png,1
boxed_nn01g_20180808_000000.wav_segment_565_marginal.wav.png,1
boxed_nn01g_20180808_000000.wav_segment_566_nan.wav.png,1
boxed_nn01g_20180808_000000.wav_segment_567_nan.wav.png,1
boxed_nn01g_20180808_000000.wav_segment_568_marginal.wav.png,1
boxed_nn01g_20180808_000000.wav_segment_569_nan.wav.png,1
boxed_nn01g_20180808_000000.wav_segment_570_nan.wav.png,1
boxed_nn01g_20180808_000000.wav_segment_571_nan.wav.png,1
boxed_nn01g_20180808_000000.wav_segment_572_nan.wav.png,1
boxed_nn01g_20180808_000000.wav_segment_573_nan.wav.png,1
boxed_nn01g_20180808_000000.wav_segment_574_nan.wav.png,1
boxed_nn01g_20180808_000000.wav_segment_575_marginal.wav.png,1
boxed_nn01g_20180808_000000.wav_segment_576_nan.wav.png,1
boxed_nn01g_20180808_000000.wav_segment_577_nan.wav.png,1
boxed_nn02a_20180504_000000.wav_segment_578_nan.wav.png,1
boxed_nn02a_20180504_000000.wav_segment_579_nan.wav.png,1
boxed_nn02a_20180504_000000.wav_segment_580_nan.wav.png,1
boxed_nn02a_20180504_000000.wav_segment_581_nan.wav.png,1
boxed_nn02a_20180504_000000.wav_segment_583_marginal.wav.png,1
boxed_nn02a_20180504_000000.wav_segment_585_nan.wav.png,1
boxed_nn02a_20180504_000000.wav_segment_586_marginal.wav.png,1
boxed_nn02a_20180504_000000.wav_segment_587_nan.wav.png,1
boxed_nn02a_20180517_000000.wav_segment_588_nan.wav.png,1
boxed_nn02a_20180517_000000.wav_segment_589_nan.wav.png,1
boxed_nn02a_20180517_000000.wav_segment_591_nan.wav.png,1
boxed_nn02a_20180517_000000.wav_segment_592_nan.wav.png,1
boxed_nn02a_20180517_000000.wav_segment_593_marginal.wav.png,1
boxed_nn02a_20180517_000000.wav_segment_594_marginal.wav.png,1
boxed_nn02a_20180517_000000.wav_segment_595_nan.wav.png,1
boxed_nn02a_20180517_000000.wav_segment_596_nan.wav.png,1
boxed_nn02a_20180517_000000.wav_segment_597_nan.wav.png,1
boxed_nn02a_20180517_000000.wav_segment_598_marginal.wav.png,1
boxed_nn02a_20180517_000000.wav_segment_599_marginal.wav.png,1
boxed_nn02a_20180517_000000.wav_segment_600_marginal.wav.png,1
boxed_nn02a_20180517_000000.wav_segment_601_nan.wav.png,1
boxed_nn02a_20180517_000000.wav_segment_602_nan.wav.png,1
boxed_nn02a_20180517_000000.wav_segment_603_marginal.wav.png,1
boxed_nn02a_20180517_000000.wav_segment_604_nan.wav.png,1
boxed_nn02a_20180517_000000.wav_segment_605_nan.wav.png,1
boxed_nn02b_20180508_000000.wav_segment_606_nan.wav.png,1
boxed_nn02b_20180508_000000.wav_segment_607_nan.wav.png,1
boxed_nn02b_20180508_000000.wav_segment_608_nan.wav.png,1
boxed_nn02b_20180508_000000.wav_segment_609_nan.wav.png,1
boxed_nn02b_20180508_000000.wav_segment_610_nan.wav.png,1
boxed_nn02b_20180508_000000.wav_segment_611_nan.wav.png,1
boxed_nn02b_20180508_000000.wav_segment_612_nan.wav.png,1
boxed_nn02b_20180508_000000.wav_segment_613_nan.wav.png,1
boxed_nn02b_20180508_000000.wav_segment_614_nan.wav.png,1
boxed_nn02b_20180508_000000.wav_segment_615_nan.wav.png,1
boxed_nn02b_20180508_000000.wav_segment_616_nan.wav.png,1
boxed_nn02b_20180508_000000.wav_segment_617_nan.wav.png,1
boxed_nn02b_20180508_000000.wav_segment_618_nan.wav.png,1
boxed_nn02b_20180508_000000.wav_segment_619_nan.wav.png,1
boxed_nn02b_20180508_000000.wav_segment_620_nan.wav.png,1
boxed_nn02b_20180508_000000.wav_segment_621_nan.wav.png,1
boxed_nn02b_20180508_000000.wav_segment_622_marginal.wav.png,1
boxed_nn02b_20180508_000000.wav_segment_623_marginal.wav.png,1
boxed_nn02b_20180508_000000.wav_segment_624_marginal.wav.png,1
boxed_nn02b_20180510_000000.wav_segment_625_marginal.wav.png,1
boxed_nn02b_20180510_000000.wav_segment_626_nan.wav.png,1
boxed_nn02b_20180510_000000.wav_segment_627_nan.wav.png,1
boxed_nn02b_20180510_000000.wav_segment_628_nan.wav.png,1
boxed_nn02b_20180510_000000.wav_segment_629_nan.wav.png,1
boxed_nn02b_20180510_000000.wav_segment_630_nan.wav.png,1
boxed_nn02c_20180625_000000.wav_segment_631_nan.wav.png,1
boxed_nn02c_20180625_000000.wav_segment_633_nan.wav.png,1
boxed_nn02c_20180625_000000.wav_segment_634_marginal.wav.png,1
boxed_nn02c_20180625_000000.wav_segment_635_marginal.wav.png,1
boxed_nn02c_20180625_000000.wav_segment_636_marginal.wav.png,1
boxed_nn02c_20180625_000000.wav_segment_637_marginal.wav.png,1
boxed_nn02c_20180625_000000.wav_segment_638_nan.wav.png,1
boxed_nn02c_20180625_000000.wav_segment_639_nan.wav.png,1
boxed_nn02c_20180625_000000.wav_segment_640_nan.wav.png,1
boxed_nn02c_20180625_000000.wav_segment_641_nan.wav.png,1
boxed_nn02c_20180625_000000.wav_segment_642_nan.wav.png,1
boxed_nn02c_20180625_000000.wav_segment_643_marginal.wav.png,1
boxed_nn02c_20180625_000000.wav_segment_644_nan.wav.png,1
boxed_nn02c_20180625_000000.wav_segment_645_nan.wav.png,1
boxed_nn02c_20180625_000000.wav_segment_646_nan.wav.png,1
boxed_nn02c_20180625_000000.wav_segment_647_nan.wav.png,1
boxed_nn02c_20180625_000000.wav_segment_648_nan.wav.png,1
boxed_nn02c_20180625_000000.wav_segment_649_nan.wav.png,1
boxed_nn02c_20180818_000000.wav_segment_650_marginal.wav.png,1
boxed_nn02c_20180818_000000.wav_segment_651_nan.wav.png,1
boxed_nn02c_20180818_000000.wav_segment_652_marginal.wav.png,1
boxed_nn02c_20180818_000000.wav_segment_653_marginal.wav.png,1
boxed_nn02c_20180818_000000.wav_segment_654_nan.wav.png,1
boxed_nn02c_20180818_000000.wav_segment_656_nan.wav.png,1
boxed_nn02c_20180818_000000.wav_segment_657_marginal.wav.png,1
boxed_nn02c_20180818_000000.wav_segment_658_nan.wav.png,1
boxed_nn02c_20180818_000000.wav_segment_659_nan.wav.png,1
boxed_nn02c_20180818_000000.wav_segment_660_nan.wav.png,1
boxed_nn02c_20180818_000000.wav_segment_661_marginal.wav.png,1
boxed_nn02c_20180818_000000.wav_segment_662_nan.wav.png,1
boxed_nn02c_20180818_000000.wav_segment_663_nan.wav.png,1
boxed_nn02c_20180818_000000.wav_segment_664_nan.wav.png,1
boxed_nn02c_20180818_000000.wav_segment_665_nan.wav.png,1
boxed_nn02c_20180818_000000.wav_segment_666_nan.wav.png,1
boxed_nn02c_20180818_000000.wav_segment_667_nan.wav.png,1
boxed_nn02c_20180818_000000.wav_segment_668_nan.wav.png,1
boxed_nn02c_20180818_000000.wav_segment_669_nan.wav.png,1
boxed_nn02c_20180818_000000.wav_segment_670_nan.wav.png,1
boxed_nn02c_20180818_000000.wav_segment_671_nan.wav.png,1
boxed_nn02c_20180818_000000.wav_segment_672_nan.wav.png,1
boxed_nn02c_20180818_000000.wav_segment_673_nan.wav.png,1
boxed_nn02c_20180818_000000.wav_segment_674_nan.wav.png,1
boxed_nn02c_20180818_000000.wav_segment_675_nan.wav.png,1
boxed_nn02c_20180818_000000.wav_segment_676_nan.wav.png,1
boxed_nn02c_20180818_000000.wav_segment_677_nan.wav.png,1
boxed_nn02c_20180818_000000.wav_segment_678_nan.wav.png,1
boxed_nn02c_20180818_000000.wav_segment_679_nan.wav.png,1
boxed_nn02c_20180818_000000.wav_segment_680_nan.wav.png,1
boxed_nn02c_20180818_000000.wav_segment_681_nan.wav.png,1
boxed_nn02c_20180818_000000.wav_segment_682_nan.wav.png,1
boxed_nn02c_20180818_000000.wav_segment_683_nan.wav.png,1
boxed_nn02c_20180818_000000.wav_segment_685_nan.wav.png,1
boxed_nn02c_20180818_000000.wav_segment_686_nan.wav.png,1
boxed_nn02c_20180818_000000.wav_segment_687_nan.wav.png,1
boxed_nn02c_20180818_000000.wav_segment_688_nan.wav.png,1
boxed_nn02c_20180818_000000.wav_segment_689_nan.wav.png,1
boxed_nn02c_20180818_000000.wav_segment_690_marginal.wav.png,1
boxed_nn02c_20180818_000000.wav_segment_691_nan.wav.png,1
boxed_nn02c_20180818_000000.wav_segment_692_marginal.wav.png,1
boxed_nn02c_20180818_000000.wav_segment_693_nan.wav.png,1
boxed_nn02c_20180818_000000.wav_segment_694_nan.wav.png,1
boxed_nn02c_20180818_000000.wav_segment_695_marginal.wav.png,1
boxed_nn02c_20180818_000000.wav_segment_696_marginal.wav.png,1
boxed_nn02c_20180818_000000.wav_segment_697_nan.wav.png,1
boxed_nn02c_20180818_000000.wav_segment_698_nan.wav.png,1
boxed_nn02c_20180818_000000.wav_segment_699_marginal.wav.png,1
boxed_nn02c_20180818_000000.wav_segment_700_marginal.wav.png,1
boxed_nn02c_20180818_000000.wav_segment_701_marginal.wav.png,1
boxed_nn02c_20180818_000000.wav_segment_702_nan.wav.png,1
boxed_nn02c_20180818_000000.wav_segment_703_marginal.wav.png,1
boxed_nn02c_20180818_000000.wav_segment_704_nan.wav.png,1
boxed_nn02c_20180818_000000.wav_segment_705_nan.wav.png,1
boxed_nn02d_20180522_000000.wav_segment_706_nan.wav.png,1
boxed_nn02d_20180522_000000.wav_segment_707_nan.wav.png,1
boxed_nn02d_20180522_000000.wav_segment_708_nan.wav.png,1
boxed_nn02d_20180522_000000.wav_segment_709_nan.wav.png,1
boxed_nn02d_20180522_000000.wav_segment_710_nan.wav.png,1
boxed_nn02d_20180522_000000.wav_segment_711_nan.wav.png,1
boxed_nn02d_20180522_000000.wav_segment_712_nan.wav.png,1
boxed_nn02d_20180522_000000.wav_segment_713_nan.wav.png,1
boxed_nn02d_20180522_000000.wav_segment_714_nan.wav.png,1
boxed_nn02d_20180522_000000.wav_segment_715_nan.wav.png,1
boxed_nn02d_20180522_000000.wav_segment_716_nan.wav.png,1
boxed_nn02d_20180522_000000.wav_segment_717_nan.wav.png,1
boxed_nn02d_20180522_000000.wav_segment_718_nan.wav.png,1
boxed_nn02d_20180522_000000.wav_segment_719_nan.wav.png,1
boxed_nn02d_20180522_000000.wav_segment_720_nan.wav.png,1
boxed_nn02d_20180522_000000.wav_segment_723_nan.wav.png,1
boxed_nn02d_20180522_000000.wav_segment_726_marginal.wav.png,1
boxed_nn02d_20180522_000000.wav_segment_727_nan.wav.png,1
boxed_nn02d_20180522_000000.wav_segment_728_nan.wav.png,1
boxed_nn02d_20180522_000000.wav_segment_729_nan.wav.png,1
boxed_nn02d_20180522_000000.wav_segment_730_nan.wav.png,1
boxed_nn02d_20180522_000000.wav_segment_731_nan.wav.png,1
boxed_nn02d_20180522_000000.wav_segment_733_nan.wav.png,1
boxed_nn02d_20180522_000000.wav_segment_734_nan.wav.png,1
boxed_nn02d_20180522_000000.wav_segment_735_nan.wav.png,1
boxed_nn02d_20180522_000000.wav_segment_736_nan.wav.png,1
boxed_nn02d_20180522_000000.wav_segment_738_nan.wav.png,1
boxed_nn02d_20180608_000000.wav_segment_741_nan.wav.png,1
boxed_nn02d_20180608_000000.wav_segment_742_marginal.wav.png,1
boxed_nn02d_20180608_000000.wav_segment_743_marginal.wav.png,1
boxed_nn02d_20180608_000000.wav_segment_745_nan.wav.png,1
boxed_nn02d_20180608_000000.wav_segment_746_nan.wav.png,1
boxed_nn02d_20180608_000000.wav_segment_747_nan.wav.png,1
boxed_nn02d_20180608_000000.wav_segment_748_marginal.wav.png,1
boxed_nn02d_20180608_000000.wav_segment_749_nan.wav.png,1
boxed_nn02d_20180608_000000.wav_segment_750_nan.wav.png,1
boxed_nn02d_20180608_000000.wav_segment_751_nan.wav.png,1
boxed_nn02d_20180608_000000.wav_segment_752_marginal.wav.png,1
boxed_nn02d_20180608_000000.wav_segment_753_marginal.wav.png,1
boxed_nn02d_20180608_000000.wav_segment_754_nan.wav.png,1
boxed_nn02d_20180608_000000.wav_segment_755_nan.wav.png,1
boxed_nn02d_20180608_000000.wav_segment_756_nan.wav.png,1
boxed_nn02d_20180608_000000.wav_segment_757_nan.wav.png,1
boxed_nn02d_20180608_000000.wav_segment_758_nan.wav.png,1
boxed_nn02d_20180608_000000.wav_segment_759_nan.wav.png,1
boxed_nn02d_20180608_000000.wav_segment_760_nan.wav.png,1
boxed_nn02d_20180608_000000.wav_segment_761_nan.wav.png,1
boxed_nn02d_20180608_000000.wav_segment_762_marginal.wav.png,1
boxed_nn02d_20180608_000000.wav_segment_763_marginal.wav.png,1
boxed_nn02d_20180608_000000.wav_segment_764_marginal.wav.png,1
boxed_nn02d_20180608_000000.wav_segment_765_marginal.wav.png,1
boxed_nn02d_20180608_000000.wav_segment_766_marginal.wav.png,1
boxed_nn02d_20180608_000000.wav_segment_767_marginal.wav.png,1
boxed_nn02d_20180608_000000.wav_segment_768_marginal.wav.png,1
boxed_nn02d_20180608_000000.wav_segment_769_nan.wav.png,1
boxed_nn02d_20180608_000000.wav_segment_770_marginal.wav.png,1
boxed_nn02d_20180608_000000.wav_segment_771_marginal.wav.png,1
boxed_nn02d_20180608_000000.wav_segment_772_marginal.wav.png,1
boxed_nn02d_20180608_000000.wav_segment_773_marginal.wav.png,1
boxed_nn02d_20180608_000000.wav_segment_774_marginal.wav.png,1
boxed_nn02d_20180608_000000.wav_segment_775_marginal.wav.png,1
boxed_nn02d_20180608_000000.wav_segment_776_nan.wav.png,1
boxed_nn02d_20180608_000000.wav_segment_777_marginal.wav.png,1
boxed_nn02d_20180608_000000.wav_segment_778_nan.wav.png,1
boxed_nn02d_20180608_000000.wav_segment_779_marginal.wav.png,1
boxed_nn02d_20180608_000000.wav_segment_780_nan.wav.png,1
boxed_nn02d_20180608_000000.wav_segment_781_marginal.wav.png,1
boxed_nn02d_20180608_000000.wav_segment_782_nan.wav.png,1
boxed_nn02d_20180608_000000.wav_segment_783_nan.wav.png,1
boxed_nn02d_20180608_000000.wav_segment_784_marginal.wav.png,1
boxed_nn02d_20180608_000000.wav_segment_785_marginal.wav.png,1
boxed_nn02d_20180608_000000.wav_segment_786_marginal.wav.png,1
boxed_nn02d_20180608_000000.wav_segment_787_nan.wav.png,1
boxed_nn02d_20180608_000000.wav_segment_788_marginal.wav.png,1
boxed_nn02d_20180608_000000.wav_segment_789_marginal.wav.png,1
boxed_nn02d_20180608_000000.wav_segment_790_marginal.wav.png,1
boxed_nn02d_20180608_000000.wav_segment_791_nan.wav.png,1
boxed_nn02d_20180608_000000.wav_segment_792_marginal.wav.png,1
boxed_nn02d_20180608_000000.wav_segment_793_nan.wav.png,1
boxed_nn02e_20180629_000000.wav_segment_795_nan.wav.png,1
boxed_nn02e_20180629_000000.wav_segment_797_nan.wav.png,1
boxed_nn02e_20180629_000000.wav_segment_798_nan.wav.png,1
boxed_nn02e_20180629_000000.wav_segment_799_nan.wav.png,1
boxed_nn02e_20180629_000000.wav_segment_800_nan.wav.png,1
boxed_nn02e_20180629_000000.wav_segment_801_nan.wav.png,1
boxed_nn02e_20180629_000000.wav_segment_802_nan.wav.png,1
boxed_nn02e_20180629_000000.wav_segment_803_nan.wav.png,1
boxed_nn02e_20180629_000000.wav_segment_804_nan.wav.png,1
boxed_nn02e_20180629_000000.wav_segment_805_nan.wav.png,1
boxed_nn02e_20180629_000000.wav_segment_806_marginal.wav.png,1
boxed_nn02e_20180629_000000.wav_segment_807_nan.wav.png,1
boxed_nn02e_20180629_000000.wav_segment_808_marginal.wav.png,1
boxed_nn02e_20180906_000000.wav_segment_10_nan.wav.png,1
boxed_nn02e_20180906_000000.wav_segment_11_nan.wav.png,1
boxed_nn02e_20180906_000000.wav_segment_12_nan.wav.png,1
boxed_nn02e_20180906_000000.wav_segment_13_nan.wav.png,1
boxed_nn02e_20180906_000000.wav_segment_14_nan.wav.png,1
boxed_nn02e_20180906_000000.wav_segment_15_maginal.wav.png,1
boxed_nn02e_20180906_000000.wav_segment_16_nan.wav.png,1
boxed_nn02e_20180906_000000.wav_segment_17_nan.wav.png,1
boxed_nn02e_20180906_000000.wav_segment_18_nan.wav.png,1
boxed_nn02e_20180906_000000.wav_segment_19_nan.wav.png,1
boxed_nn02e_20180906_000000.wav_segment_20_nan.wav.png,1
boxed_nn02e_20180906_000000.wav_segment_4_nan.wav.png,1
boxed_nn02e_20180906_000000.wav_segment_5_nan.wav.png,1
boxed_nn02e_20180906_000000.wav_segment_6_nan.wav.png,1
boxed_nn02e_20180906_000000.wav_segment_7_nan.wav.png,1
boxed_nn02e_20180906_000000.wav_segment_8_nan.wav.png,1
boxed_nn02e_20180906_000000.wav_segment_9_nan.wav.png,1
boxed_nn02f_20180803_000000.wav_segment_809_marginal.wav.png,1
boxed_nn02f_20180803_000000.wav_segment_810_marginal.wav.png,1
boxed_nn02f_20180803_000000.wav_segment_811_marginal.wav.png,1
boxed_nn02f_20180803_000000.wav_segment_812_marginal.wav.png,1
boxed_nn02f_20180803_000000.wav_segment_813_nan.wav.png,1
boxed_nn02f_20180803_000000.wav_segment_814_nan.wav.png,1
boxed_nn02f_20180803_000000.wav_segment_815_nan.wav.png,1
boxed_nn02f_20180803_000000.wav_segment_816_nan.wav.png,1
boxed_nn02f_20180803_000000.wav_segment_817_nan.wav.png,1
boxed_nn02f_20180803_000000.wav_segment_818_nan.wav.png,1
boxed_nn02f_20180803_000000.wav_segment_819_marginal.wav.png,1
boxed_nn02f_20180803_000000.wav_segment_820_nan.wav.png,1
boxed_nn02f_20180803_000000.wav_segment_821_nan.wav.png,1
boxed_nn02f_20180803_000000.wav_segment_822_nan.wav.png,1
boxed_nn02f_20180803_000000.wav_segment_824_marginal.wav.png,1
boxed_nn02f_20180803_000000.wav_segment_825_nan.wav.png,1
boxed_nn02f_20180803_000000.wav_segment_826_nan.wav.png,1
boxed_nn02f_20180803_000000.wav_segment_827_nan.wav.png,1
boxed_nn02f_20180803_000000.wav_segment_828_nan.wav.png,1
boxed_nn02f_20180803_000000.wav_segment_829_nan.wav.png,1
boxed_nn02f_20180803_000000.wav_segment_830_nan.wav.png,1
boxed_nn02f_20180803_000000.wav_segment_831_marginal.wav.png,1
boxed_nn02f_20180803_000000.wav_segment_832_nan.wav.png,1
boxed_nn02f_20180803_000000.wav_segment_833_nan.wav.png,1
boxed_nn02f_20180803_000000.wav_segment_834_nan.wav.png,1
boxed_nn02f_20180803_000000.wav_segment_835_nan.wav.png,1
boxed_nn02f_20180803_000000.wav_segment_837_nan.wav.png,1
boxed_nn02f_20180803_000000.wav_segment_838_nan.wav.png,1
boxed_nn02f_20180803_000000.wav_segment_839_nan.wav.png,1
boxed_nn02f_20180803_000000.wav_segment_840_nan.wav.png,1
boxed_nn02f_20180803_000000.wav_segment_841_nan.wav.png,1
boxed_nn02f_20180803_000000.wav_segment_842_nan.wav.png,1
boxed_nn02f_20180803_000000.wav_segment_843_nan.wav.png,1
boxed_nn02f_20180803_000000.wav_segment_844_nan.wav.png,1
boxed_nn02f_20180803_000000.wav_segment_845_nan.wav.png,1
boxed_nn02f_20180803_000000.wav_segment_846_nan.wav.png,1
boxed_nn02f_20180803_000000.wav_segment_847_nan.wav.png,1
boxed_nn02f_20180817_000000.wav_segment_848_nan.wav.png,1
boxed_nn02f_20180817_000000.wav_segment_851_marginal.wav.png,1
boxed_nn02f_20180817_000000.wav_segment_852_marginal.wav.png,1
boxed_nn02f_20180817_000000.wav_segment_854_marginal.wav.png,1
boxed_nn02f_20180817_000000.wav_segment_856_marginal.wav.png,1
boxed_nn02f_20180817_000000.wav_segment_859_marginal.wav.png,1
boxed_nn02f_20180817_000000.wav_segment_860_marginal.wav.png,1
boxed_nn02f_20180817_000000.wav_segment_861_nan.wav.png,1
boxed_nn02f_20180817_000000.wav_segment_862_nan.wav.png,1
boxed_nn02f_20180817_000000.wav_segment_864_marginal.wav.png,1
boxed_nn02f_20180817_000000.wav_segment_865_marginal.wav.png,1
boxed_nn02f_20180817_000000.wav_segment_866_marginal.wav.png,1
boxed_nn02f_20180817_000000.wav_segment_867_nan.wav.png,1
boxed_nn02f_20180817_000000.wav_segment_868_marginal.wav.png,1
boxed_nn02f_20180817_000000.wav_segment_869_nan.wav.png,1
boxed_nn02f_20180817_000000.wav_segment_870_nan.wav.png,1
boxed_nn02f_20180817_000000.wav_segment_871_marginal.wav.png,1
boxed_nn02f_20180817_000000.wav_segment_872_marginal.wav.png,1
boxed_nn02f_20180817_000000.wav_segment_873_marginal.wav.png,1
boxed_nn02f_20180817_000000.wav_segment_874_marginal.wav.png,1
boxed_nn02f_20180817_000000.wav_segment_875_marginal.wav.png,1
boxed_nn02f_20180817_000000.wav_segment_876_nan.wav.png,1
boxed_nn02f_20180817_000000.wav_segment_877_nan.wav.png,1
boxed_nn02g_20180816_000000.wav_segment_878_nan.wav.png,1
boxed_nn02g_20180816_000000.wav_segment_880_marginal.wav.png,1
boxed_nn02g_20180816_000000.wav_segment_881_nan.wav.png,1
boxed_nn02g_20180816_000000.wav_segment_882_nan.wav.png,1
boxed_nn02g_20180816_000000.wav_segment_883_marginal.wav.png,1
boxed_nn02g_20180816_000000.wav_segment_884_nan.wav.png,1
boxed_nn02g_20180816_000000.wav_segment_885_marginal.wav.png,1
boxed_nn02g_20180816_000000.wav_segment_886_nan.wav.png,1
boxed_nn02g_20180816_000000.wav_segment_887_marginal.wav.png,1
boxed_nn02g_20180816_000000.wav_segment_888_marginal.wav.png,1
boxed_nn02g_20180816_000000.wav_segment_889_nan.wav.png,1
boxed_nn02g_20180816_000000.wav_segment_890_nan.wav.png,1
boxed_nn02g_20180816_000000.wav_segment_891_nan.wav.png,1
boxed_nn02g_20180816_000000.wav_segment_892_nan.wav.png,1
boxed_nn02g_20180816_000000.wav_segment_893_nan.wav.png,1
boxed_nn02g_20180816_000000.wav_segment_894_nan.wav.png,1
boxed_nn02g_20180816_000000.wav_segment_895_nan.wav.png,1
boxed_nn02g_20180816_000000.wav_segment_896_nan.wav.png,1
boxed_nn02g_20180816_000000.wav_segment_897_marginal.wav.png,1
boxed_nn02g_20180816_000000.wav_segment_898_marginal.wav.png,1
boxed_nn02g_20180816_000000.wav_segment_899_marginal.wav.png,1
boxed_nn02g_20180816_000000.wav_segment_900_marginal.wav.png,1
boxed_nn02g_20180816_000000.wav_segment_901_nan.wav.png,1
boxed_nn02g_20180821_000000.wav_segment_902_marginal.wav.png,1
boxed_nn02g_20180821_000000.wav_segment_903_nan.wav.png,1
boxed_nn02g_20180821_000000.wav_segment_904_marginal.wav.png,1
boxed_nn02g_20180821_000000.wav_segment_905_nan.wav.png,1
boxed_nn02g_20180821_000000.wav_segment_906_nan.wav.png,1
boxed_nn02g_20180821_000000.wav_segment_910_marginal.wav.png,1
boxed_nn02g_20180821_000000.wav_segment_912_nan.wav.png,1
boxed_nn02g_20180821_000000.wav_segment_913_marginal.wav.png,1
boxed_nn02g_20180821_000000.wav_segment_914_nan.wav.png,1
boxed_nn02g_20180821_000000.wav_segment_915_nan.wav.png,1
boxed_nn02g_20180821_000000.wav_segment_916_nan.wav.png,1
boxed_nn02g_20180821_000000.wav_segment_917_marginal.wav.png,1
boxed_nn02g_20180821_000000.wav_segment_918_nan.wav.png,1
boxed_nn02g_20180821_000000.wav_segment_919_nan.wav.png,1
boxed_nn02g_20180821_000000.wav_segment_920_marginal.wav.png,1
boxed_nn02g_20180821_000000.wav_segment_921_nan.wav.png,1
boxed_nn02g_20180821_000000.wav_segment_922_marginal.wav.png,1
boxed_nn02g_20180821_000000.wav_segment_923_nan.wav.png,1
boxed_nn02g_20180821_000000.wav_segment_924_nan.wav.png,1
boxed_nn02g_20180821_000000.wav_segment_925_marginal.wav.png,1
boxed_nn02g_20180821_000000.wav_segment_926_marginal.wav.png,1
boxed_nn03a_20180709_000000.wav_segment_101_nan.wav.png,1
boxed_nn03a_20180709_000000.wav_segment_102_nan.wav.png,1
boxed_nn03a_20180709_000000.wav_segment_104_nan.wav.png,1
boxed_nn03a_20180709_000000.wav_segment_105_nan.wav.png,1
boxed_nn03a_20180709_000000.wav_segment_106_maginal.wav.png,1
boxed_nn03a_20180709_000000.wav_segment_107_maginal.wav.png,1
boxed_nn03a_20180709_000000.wav_segment_108_maginal.wav.png,1
boxed_nn03a_20180709_000000.wav_segment_109_nan.wav.png,1
boxed_nn03a_20180709_000000.wav_segment_110_nan.wav.png,1
boxed_nn03a_20180709_000000.wav_segment_111_maginal.wav.png,1
boxed_nn03a_20180709_000000.wav_segment_112_nan.wav.png,1
boxed_nn03a_20180709_000000.wav_segment_113_nan.wav.png,1
boxed_nn03a_20180709_000000.wav_segment_114_maginal.wav.png,1
boxed_nn03a_20180709_000000.wav_segment_115_maginal.wav.png,1
boxed_nn03a_20180709_000000.wav_segment_116_nan.wav.png,1
boxed_nn03a_20180709_000000.wav_segment_117_nan.wav.png,1
boxed_nn03a_20180709_000000.wav_segment_118_nan.wav.png,1
boxed_nn03a_20180709_000000.wav_segment_119_nan.wav.png,1
boxed_nn03a_20180709_000000.wav_segment_120_maginal.wav.png,1
boxed_nn03a_20180709_000000.wav_segment_121_nan.wav.png,1
boxed_nn03a_20180709_000000.wav_segment_122_nan.wav.png,1
boxed_nn03a_20180709_000000.wav_segment_21_nan.wav.png,1
boxed_nn03a_20180709_000000.wav_segment_22_maginal.wav.png,1
boxed_nn03a_20180709_000000.wav_segment_29_nan.wav.png,1
boxed_nn03a_20180709_000000.wav_segment_30_nan.wav.png,1
boxed_nn03a_20180709_000000.wav_segment_31_nan.wav.png,1
boxed_nn03a_20180709_000000.wav_segment_32_maginal.wav.png,1
boxed_nn03a_20180709_000000.wav_segment_33_nan.wav.png,1
boxed_nn03a_20180709_000000.wav_segment_35_nan.wav.png,1
boxed_nn03a_20180709_000000.wav_segment_36_nan.wav.png,1
boxed_nn03a_20180709_000000.wav_segment_39_maginal.wav.png,1
boxed_nn03a_20180709_000000.wav_segment_40_nan.wav.png,1
boxed_nn03a_20180709_000000.wav_segment_41_nan.wav.png,1
boxed_nn03a_20180709_000000.wav_segment_42_nan.wav.png,1
boxed_nn03a_20180709_000000.wav_segment_43_nan.wav.png,1
boxed_nn03a_20180709_000000.wav_segment_47_nan.wav.png,1
boxed_nn03a_20180709_000000.wav_segment_48_nan.wav.png,1
boxed_nn03a_20180709_000000.wav_segment_49_nan.wav.png,1
boxed_nn03a_20180709_000000.wav_segment_50_nan.wav.png,1
boxed_nn03a_20180709_000000.wav_segment_51_nan.wav.png,1
boxed_nn03a_20180709_000000.wav_segment_52_nan.wav.png,1
boxed_nn03a_20180709_000000.wav_segment_53_nan.wav.png,1
boxed_nn03a_20180709_000000.wav_segment_54_nan.wav.png,1
boxed_nn03a_20180709_000000.wav_segment_55_maginal.wav.png,1
boxed_nn03a_20180709_000000.wav_segment_56_nan.wav.png,1
boxed_nn03a_20180709_000000.wav_segment_57_nan.wav.png,1
boxed_nn03a_20180709_000000.wav_segment_60_nan.wav.png,1
boxed_nn03a_20180709_000000.wav_segment_61_nan.wav.png,1
boxed_nn03a_20180709_000000.wav_segment_62_maginal.wav.png,1
boxed_nn03a_20180709_000000.wav_segment_63_nan.wav.png,1
boxed_nn03a_20180709_000000.wav_segment_64_nan.wav.png,1
boxed_nn03a_20180709_000000.wav_segment_65_nan.wav.png,1
boxed_nn03a_20180709_000000.wav_segment_66_maginal.wav.png,1
boxed_nn03a_20180709_000000.wav_segment_67_nan.wav.png,1
boxed_nn03a_20180709_000000.wav_segment_69_maginal.wav.png,1
boxed_nn03a_20180709_000000.wav_segment_70_maginal.wav.png,1
boxed_nn03a_20180709_000000.wav_segment_73_nan.wav.png,1
boxed_nn03a_20180709_000000.wav_segment_74_nan.wav.png,1
boxed_nn03a_20180709_000000.wav_segment_75_nan.wav.png,1
boxed_nn03a_20180709_000000.wav_segment_76_nan.wav.png,1
boxed_nn03a_20180709_000000.wav_segment_77_nan.wav.png,1
boxed_nn03a_20180709_000000.wav_segment_78_maginal.wav.png,1
boxed_nn03a_20180709_000000.wav_segment_81_nan.wav.png,1
boxed_nn03a_20180709_000000.wav_segment_84_nan.wav.png,1
boxed_nn03a_20180709_000000.wav_segment_85_nan.wav.png,1
boxed_nn03a_20180709_000000.wav_segment_89_nan.wav.png,1
boxed_nn03a_20180709_000000.wav_segment_90_nan.wav.png,1
boxed_nn03a_20180709_000000.wav_segment_91_nan.wav.png,1
boxed_nn03a_20180817_000000.wav_segment_1000_nan.wav.png,1
boxed_nn03a_20180817_000000.wav_segment_1001_nan.wav.png,1
boxed_nn03a_20180817_000000.wav_segment_1002_nan.wav.png,1
boxed_nn03a_20180817_000000.wav_segment_1003_nan.wav.png,1
boxed_nn03a_20180817_000000.wav_segment_1004_nan.wav.png,1
boxed_nn03a_20180817_000000.wav_segment_1005_nan.wav.png,1
boxed_nn03a_20180817_000000.wav_segment_1006_nan.wav.png,1
boxed_nn03a_20180817_000000.wav_segment_1007_nan.wav.png,1
boxed_nn03a_20180817_000000.wav_segment_927_marginal.wav.png,1
boxed_nn03a_20180817_000000.wav_segment_928_nan.wav.png,1
boxed_nn03a_20180817_000000.wav_segment_929_nan.wav.png,1
boxed_nn03a_20180817_000000.wav_segment_930_marginal.wav.png,1
boxed_nn03a_20180817_000000.wav_segment_931_nan.wav.png,1
boxed_nn03a_20180817_000000.wav_segment_932_nan.wav.png,1
boxed_nn03a_20180817_000000.wav_segment_933_nan.wav.png,1
boxed_nn03a_20180817_000000.wav_segment_934_marginal.wav.png,1
boxed_nn03a_20180817_000000.wav_segment_935_marginal.wav.png,1
boxed_nn03a_20180817_000000.wav_segment_936_nan.wav.png,1
boxed_nn03a_20180817_000000.wav_segment_937_marginal.wav.png,1
boxed_nn03a_20180817_000000.wav_segment_938_nan.wav.png,1
boxed_nn03a_20180817_000000.wav_segment_939_nan.wav.png,1
boxed_nn03a_20180817_000000.wav_segment_940_nan.wav.png,1
boxed_nn03a_20180817_000000.wav_segment_941_nan.wav.png,1
boxed_nn03a_20180817_000000.wav_segment_942_marginal.wav.png,1
boxed_nn03a_20180817_000000.wav_segment_943_nan.wav.png,1
boxed_nn03a_20180817_000000.wav_segment_944_nan.wav.png,1
boxed_nn03a_20180817_000000.wav_segment_945_nan.wav.png,1
boxed_nn03a_20180817_000000.wav_segment_949_nan.wav.png,1
boxed_nn03a_20180817_000000.wav_segment_950_nan.wav.png,1
boxed_nn03a_20180817_000000.wav_segment_952_nan.wav.png,1
boxed_nn03a_20180817_000000.wav_segment_953_marginal.wav.png,1
boxed_nn03a_20180817_000000.wav_segment_954_nan.wav.png,1
boxed_nn03a_20180817_000000.wav_segment_955_nan.wav.png,1
boxed_nn03a_20180817_000000.wav_segment_956_nan.wav.png,1
boxed_nn03a_20180817_000000.wav_segment_957_nan.wav.png,1
boxed_nn03a_20180817_000000.wav_segment_958_marginal.wav.png,1
boxed_nn03a_20180817_000000.wav_segment_959_nan.wav.png,1
boxed_nn03a_20180817_000000.wav_segment_960_nan.wav.png,1
boxed_nn03a_20180817_000000.wav_segment_961_nan.wav.png,1
boxed_nn03a_20180817_000000.wav_segment_962_nan.wav.png,1
boxed_nn03a_20180817_000000.wav_segment_963_nan.wav.png,1
boxed_nn03a_20180817_000000.wav_segment_964_nan.wav.png,1
boxed_nn03a_20180817_000000.wav_segment_965_marginal.wav.png,1
boxed_nn03a_20180817_000000.wav_segment_966_nan.wav.png,1
boxed_nn03a_20180817_000000.wav_segment_967_nan.wav.png,1
boxed_nn03a_20180817_000000.wav_segment_968_nan.wav.png,1
boxed_nn03a_20180817_000000.wav_segment_969_nan.wav.png,1
boxed_nn03a_20180817_000000.wav_segment_970_nan.wav.png,1
boxed_nn03a_20180817_000000.wav_segment_971_nan.wav.png,1
boxed_nn03a_20180817_000000.wav_segment_972_nan.wav.png,1
boxed_nn03a_20180817_000000.wav_segment_973_nan.wav.png,1
boxed_nn03a_20180817_000000.wav_segment_974_marginal.wav.png,1
boxed_nn03a_20180817_000000.wav_segment_975_nan.wav.png,1
boxed_nn03a_20180817_000000.wav_segment_976_nan.wav.png,1
boxed_nn03a_20180817_000000.wav_segment_977_marginal.wav.png,1
boxed_nn03a_20180817_000000.wav_segment_978_marginal.wav.png,1
boxed_nn03a_20180817_000000.wav_segment_979_nan.wav.png,1
boxed_nn03a_20180817_000000.wav_segment_980_nan.wav.png,1
boxed_nn03a_20180817_000000.wav_segment_981_marginal.wav.png,1
boxed_nn03a_20180817_000000.wav_segment_982_nan.wav.png,1
boxed_nn03a_20180817_000000.wav_segment_983_nan.wav.png,1
boxed_nn03a_20180817_000000.wav_segment_984_nan.wav.png,1
boxed_nn03a_20180817_000000.wav_segment_985_marginal.wav.png,1
boxed_nn03a_20180817_000000.wav_segment_986_nan.wav.png,1
boxed_nn03a_20180817_000000.wav_segment_987_nan.wav.png,1
boxed_nn03a_20180817_000000.wav_segment_988_nan.wav.png,1
boxed_nn03a_20180817_000000.wav_segment_991_nan.wav.png,1
boxed_nn03a_20180817_000000.wav_segment_992_marginal.wav.png,1
boxed_nn03a_20180817_000000.wav_segment_993_marginal.wav.png,1
boxed_nn03a_20180817_000000.wav_segment_994_marginal.wav.png,1
boxed_nn03a_20180817_000000.wav_segment_995_nan.wav.png,1
boxed_nn03a_20180817_000000.wav_segment_997_marginal.wav.png,1
boxed_nn03a_20180817_000000.wav_segment_999_marginal.wav.png,1
boxed_nn03b_20180923_000000.wav_segment_1008_marginal.wav.png,1
boxed_nn03b_20180923_000000.wav_segment_1009_nan.wav.png,1
boxed_nn03b_20180923_000000.wav_segment_1010_nan.wav.png,1
boxed_nn03b_20180923_000000.wav_segment_1011_nan.wav.png,1
boxed_nn03b_20180923_000000.wav_segment_1012_nan.wav.png,1
boxed_nn03b_20180923_000000.wav_segment_1013_nan.wav.png,1
boxed_nn03b_20180923_000000.wav_segment_1014_nan.wav.png,1
boxed_nn03b_20180923_000000.wav_segment_1015_nan.wav.png,1
boxed_nn03b_20180923_000000.wav_segment_1016_nan.wav.png,1
boxed_nn03b_20180923_000000.wav_segment_1017_nan.wav.png,1
boxed_nn03b_20180923_000000.wav_segment_1018_nan.wav.png,1
boxed_nn03b_20180923_000000.wav_segment_1019_nan.wav.png,1
boxed_nn03b_20180923_000000.wav_segment_1020_nan.wav.png,1
boxed_nn03b_20180928_000000.wav_segment_1021_marginal.wav.png,1
boxed_nn03b_20180928_000000.wav_segment_1022_marginal.wav.png,1
boxed_nn03b_20180928_000000.wav_segment_1023_nan.wav.png,1
boxed_nn03b_20180928_000000.wav_segment_1024_nan.wav.png,1
boxed_nn03b_20180928_000000.wav_segment_1025_nan.wav.png,1
boxed_nn03b_20180928_000000.wav_segment_1026_nan.wav.png,1
boxed_nn03c_20180611_000000.wav_segment_1027_marginal.wav.png,1
boxed_nn03c_20180611_000000.wav_segment_1028_nan.wav.png,1
boxed_nn03c_20180611_000000.wav_segment_1029_nan.wav.png,1
boxed_nn03c_20180611_000000.wav_segment_1030_nan.wav.png,1
boxed_nn03c_20180611_000000.wav_segment_1031_marginal.wav.png,1
boxed_nn03c_20180611_000000.wav_segment_1032_marginal.wav.png,1
boxed_nn03c_20180611_000000.wav_segment_1035_nan.wav.png,1
boxed_nn03c_20180611_000000.wav_segment_1036_nan.wav.png,1
boxed_nn03c_20180611_000000.wav_segment_1037_nan.wav.png,1
boxed_nn03c_20180611_000000.wav_segment_1038_nan.wav.png,1
boxed_nn03c_20180611_000000.wav_segment_1040_nan.wav.png,1
boxed_nn03c_20180611_000000.wav_segment_1041_nan.wav.png,1
boxed_nn03c_20180611_000000.wav_segment_1042_nan.wav.png,1
boxed_nn03c_20180611_000000.wav_segment_1043_nan.wav.png,1
boxed_nn03c_20180611_000000.wav_segment_1044_nan.wav.png,1
boxed_nn03c_20180611_000000.wav_segment_1045_nan.wav.png,1
boxed_nn03c_20180611_000000.wav_segment_1046_nan.wav.png,1
boxed_nn03c_20180611_000000.wav_segment_1047_nan.wav.png,1
boxed_nn03c_20180611_000000.wav_segment_1048_nan.wav.png,1
boxed_nn03c_20180611_000000.wav_segment_1049_nan.wav.png,1
boxed_nn03c_20180611_000000.wav_segment_1050_nan.wav.png,1
boxed_nn03c_20180611_000000.wav_segment_1051_nan.wav.png,1
boxed_nn03c_20180611_000000.wav_segment_1052_nan.wav.png,1
boxed_nn03c_20180611_000000.wav_segment_1053_nan.wav.png,1
boxed_nn03c_20180611_000000.wav_segment_1054_nan.wav.png,1
boxed_nn03c_20180625_000000.wav_segment_123_maginal.wav.png,1
boxed_nn03c_20180625_000000.wav_segment_124_nan.wav.png,1
boxed_nn03c_20180625_000000.wav_segment_125_nan.wav.png,1
boxed_nn03c_20180625_000000.wav_segment_126_maginal.wav.png,1
boxed_nn03c_20180625_000000.wav_segment_127_nan.wav.png,1
boxed_nn03d_20180817_000000.wav_segment_1056_nan.wav.png,1
boxed_nn03d_20180817_000000.wav_segment_1057_marginal.wav.png,1
boxed_nn03d_20180817_000000.wav_segment_1058_nan.wav.png,1
boxed_nn03d_20180817_000000.wav_segment_1059_marginal.wav.png,1
boxed_nn03d_20180817_000000.wav_segment_1060_marginal.wav.png,1
boxed_nn03d_20180817_000000.wav_segment_1061_nan.wav.png,1
boxed_nn03d_20180817_000000.wav_segment_1062_nan.wav.png,1
boxed_nn03d_20180817_000000.wav_segment_1063_nan.wav.png,1
boxed_nn03d_20180817_000000.wav_segment_1064_nan.wav.png,1
boxed_nn03d_20180817_000000.wav_segment_1065_nan.wav.png,1
boxed_nn03d_20180817_000000.wav_segment_1066_nan.wav.png,1
boxed_nn03d_20180817_000000.wav_segment_1067_nan.wav.png,1
boxed_nn03d_20180817_000000.wav_segment_1068_nan.wav.png,1
boxed_nn03d_20180817_000000.wav_segment_1070_nan.wav.png,1
boxed_nn03d_20180817_000000.wav_segment_1071_nan.wav.png,1
boxed_nn03d_20180916_000000.wav_segment_1074_marginal.wav.png,1
boxed_nn03d_20180916_000000.wav_segment_1076_marginal.wav.png,1
boxed_nn03d_20180916_000000.wav_segment_1077_nan.wav.png,1
boxed_nn03d_20180916_000000.wav_segment_1079_nan.wav.png,1
boxed_nn03d_20180916_000000.wav_segment_1080_marginal.wav.png,1
boxed_nn03d_20180916_000000.wav_segment_1082_marginal.wav.png,1
boxed_nn03d_20180916_000000.wav_segment_1083_nan.wav.png,1
boxed_nn03d_20180916_000000.wav_segment_1084_nan.wav.png,1
boxed_nn03e_20180806_000000.wav_segment_128_maginal.wav.png,1
boxed_nn03e_20180806_000000.wav_segment_129_maginal.wav.png,1
boxed_nn03e_20180806_000000.wav_segment_130_nan.wav.png,1
boxed_nn03e_20180806_000000.wav_segment_131_maginal.wav.png,1
boxed_nn03e_20180806_000000.wav_segment_132_nan.wav.png,1
boxed_nn03e_20180806_000000.wav_segment_133_nan.wav.png,1
boxed_nn03e_20180806_000000.wav_segment_134_nan.wav.png,1
boxed_nn03e_20180806_000000.wav_segment_135_nan.wav.png,1
boxed_nn03e_20180806_000000.wav_segment_136_nan.wav.png,1
boxed_nn03e_20180806_000000.wav_segment_137_nan.wav.png,1
boxed_nn03e_20180806_000000.wav_segment_138_nan.wav.png,1
boxed_nn03e_20180806_000000.wav_segment_139_nan.wav.png,1
boxed_nn03e_20180806_000000.wav_segment_140_nan.wav.png,1
boxed_nn03e_20180806_000000.wav_segment_141_nan.wav.png,1
boxed_nn03e_20180806_000000.wav_segment_142_nan.wav.png,1
boxed_nn03e_20180806_000000.wav_segment_143_nan.wav.png,1
boxed_nn03e_20180806_000000.wav_segment_144_nan.wav.png,1
boxed_nn03e_20180806_000000.wav_segment_145_nan.wav.png,1
boxed_nn03e_20180806_000000.wav_segment_146_nan.wav.png,1
boxed_nn03e_20180806_000000.wav_segment_147_nan.wav.png,1
boxed_nn03e_20180806_000000.wav_segment_148_nan.wav.png,1
boxed_nn03e_20180806_000000.wav_segment_149_nan.wav.png,1
boxed_nn03e_20180806_000000.wav_segment_150_nan.wav.png,1
boxed_nn03e_20180806_000000.wav_segment_151_nan.wav.png,1
boxed_nn03e_20180806_000000.wav_segment_152_nan.wav.png,1
boxed_nn03e_20180806_000000.wav_segment_153_nan.wav.png,1
boxed_nn03e_20180806_000000.wav_segment_154_nan.wav.png,1
boxed_nn03e_20180806_000000.wav_segment_155_nan.wav.png,1
boxed_nn03e_20180806_000000.wav_segment_156_maginal.wav.png,1
boxed_nn03e_20180806_000000.wav_segment_157_nan.wav.png,1
boxed_nn03e_20180806_000000.wav_segment_158_nan.wav.png,1
boxed_nn03e_20180806_000000.wav_segment_159_nan.wav.png,1
boxed_nn03e_20180806_000000.wav_segment_160_nan.wav.png,1
boxed_nn03e_20180806_000000.wav_segment_161_nan.wav.png,1
boxed_nn03e_20180806_000000.wav_segment_162_nan.wav.png,1
boxed_nn03e_20180806_000000.wav_segment_163_nan.wav.png,1
boxed_nn03e_20180806_000000.wav_segment_164_nan.wav.png,1
boxed_nn03e_20180806_000000.wav_segment_165_nan.wav.png,1
boxed_nn03e_20180806_000000.wav_segment_166_nan.wav.png,1
boxed_nn03e_20180806_000000.wav_segment_167_nan.wav.png,1
boxed_nn03e_20180911_000000.wav_segment_1085_marginal.wav.png,1
boxed_nn03e_20180911_000000.wav_segment_1086_nan.wav.png,1
boxed_nn03e_20180911_000000.wav_segment_1087_nan.wav.png,1
boxed_nn03e_20180911_000000.wav_segment_1088_nan.wav.png,1
boxed_nn03e_20180911_000000.wav_segment_1089_nan.wav.png,1
boxed_nn03e_20180911_000000.wav_segment_1090_nan.wav.png,1
boxed_nn03e_20180911_000000.wav_segment_1091_nan.wav.png,1
boxed_nn03e_20180911_000000.wav_segment_1092_nan.wav.png,1
boxed_nn03e_20180911_000000.wav_segment_1093_nan.wav.png,1
boxed_nn03e_20180911_000000.wav_segment_1094_nan.wav.png,1
boxed_nn03e_20180911_000000.wav_segment_1095_nan.wav.png,1
boxed_nn03e_20180911_000000.wav_segment_1096_nan.wav.png,1
boxed_nn03e_20180911_000000.wav_segment_1097_nan.wav.png,1
boxed_nn03e_20180911_000000.wav_segment_1098_nan.wav.png,1
boxed_nn03e_20180911_000000.wav_segment_1099_nan.wav.png,1
boxed_nn03e_20180911_000000.wav_segment_1100_nan.wav.png,1
boxed_nn03e_20180911_000000.wav_segment_1101_marginal.wav.png,1
boxed_nn03e_20180911_000000.wav_segment_1102_nan.wav.png,1
boxed_nn03e_20180911_000000.wav_segment_1103_nan.wav.png,1
boxed_nn03e_20180911_000000.wav_segment_1104_nan.wav.png,1
boxed_nn03e_20180911_000000.wav_segment_1105_nan.wav.png,1
boxed_nn03e_20180911_000000.wav_segment_1106_marginal.wav.png,1
boxed_nn03e_20180911_000000.wav_segment_1107_marginal.wav.png,1
boxed_nn03e_20180911_000000.wav_segment_1108_marginal.wav.png,1
boxed_nn03e_20180911_000000.wav_segment_1109_marginal.wav.png,1
boxed_nn03e_20180911_000000.wav_segment_1111_nan.wav.png,1
boxed_nn03e_20180911_000000.wav_segment_1112_marginal.wav.png,1
boxed_nn03e_20180911_000000.wav_segment_1113_nan.wav.png,1
boxed_nn03e_20180911_000000.wav_segment_1115_marginal.wav.png,1
boxed_nn03e_20180911_000000.wav_segment_1116_marginal.wav.png,1
boxed_nn03f_20180803_000000.wav_segment_1117_nan.wav.png,1
boxed_nn03f_20180803_000000.wav_segment_1118_nan.wav.png,1
boxed_nn03f_20180803_000000.wav_segment_1119_nan.wav.png,1
boxed_nn03f_20180803_000000.wav_segment_1120_nan.wav.png,1
boxed_nn03f_20180803_000000.wav_segment_1121_nan.wav.png,1
boxed_nn03f_20180803_000000.wav_segment_1122_nan.wav.png,1
boxed_nn03f_20180803_000000.wav_segment_1123_marginal.wav.png,1
boxed_nn03f_20180803_000000.wav_segment_1124_marginal.wav.png,1
boxed_nn03f_20180803_000000.wav_segment_1125_nan.wav.png,1
boxed_nn03f_20180803_000000.wav_segment_1126_nan.wav.png,1
boxed_nn03f_20180803_000000.wav_segment_1127_nan.wav.png,1
boxed_nn03f_20180803_000000.wav_segment_1128_nan.wav.png,1
boxed_nn03f_20180803_000000.wav_segment_1129_nan.wav.png,1
boxed_nn03f_20180803_000000.wav_segment_1130_marginal.wav.png,1
boxed_nn03f_20180803_000000.wav_segment_1131_marginal.wav.png,1
boxed_nn03f_20180803_000000.wav_segment_1132_nan.wav.png,1
boxed_nn03f_20180803_000000.wav_segment_1133_marginal.wav.png,1
boxed_nn03f_20180803_000000.wav_segment_1134_nan.wav.png,1
boxed_nn03f_20180806_000000.wav_segment_1135_nan.wav.png,1
boxed_nn03f_20180806_000000.wav_segment_1136_nan.wav.png,1
boxed_nn03f_20180806_000000.wav_segment_1137_nan.wav.png,1
boxed_nn03f_20180806_000000.wav_segment_1138_nan.wav.png,1
boxed_nn03f_20180806_000000.wav_segment_1139_nan.wav.png,1
boxed_nn03f_20180806_000000.wav_segment_1140_marginal.wav.png,1
boxed_nn03f_20180806_000000.wav_segment_1141_nan.wav.png,1
boxed_nn03f_20180806_000000.wav_segment_1142_marginal.wav.png,1
boxed_nn03f_20180806_000000.wav_segment_1143_nan.wav.png,1
boxed_nn03f_20180806_000000.wav_segment_1144_nan.wav.png,1
boxed_nn03f_20180806_000000.wav_segment_1145_nan.wav.png,1
boxed_nn03f_20180806_000000.wav_segment_1146_nan.wav.png,1
boxed_nn03f_20180806_000000.wav_segment_1147_nan.wav.png,1
boxed_nn03f_20180806_000000.wav_segment_1148_nan.wav.png,1
boxed_nn03f_20180806_000000.wav_segment_1149_nan.wav.png,1
boxed_nn03f_20180806_000000.wav_segment_1150_nan.wav.png,1
boxed_nn03f_20180806_000000.wav_segment_1151_nan.wav.png,1
boxed_nn03f_20180806_000000.wav_segment_1152_nan.wav.png,1
boxed_nn03f_20180806_000000.wav_segment_1153_nan.wav.png,1
boxed_nn03f_20180806_000000.wav_segment_1154_nan.wav.png,1
boxed_nn03g_20180806_000000.wav_segment_1155_nan.wav.png,1
boxed_nn03g_20180806_000000.wav_segment_1156_nan.wav.png,1
boxed_nn03g_20180806_000000.wav_segment_1157_marginal.wav.png,1
boxed_nn03g_20180806_000000.wav_segment_1158_nan.wav.png,1
boxed_nn03g_20180806_000000.wav_segment_1159_marginal.wav.png,1
boxed_nn03g_20180806_000000.wav_segment_1163_nan.wav.png,1
boxed_nn03g_20180806_000000.wav_segment_1164_nan.wav.png,1
boxed_nn03g_20180806_000000.wav_segment_1165_nan.wav.png,1
boxed_nn03g_20180806_000000.wav_segment_1166_nan.wav.png,1
boxed_nn03g_20180806_000000.wav_segment_1167_nan.wav.png,1
boxed_nn03g_20180806_000000.wav_segment_1168_nan.wav.png,1
boxed_nn03g_20180806_000000.wav_segment_1169_nan.wav.png,1
boxed_nn03g_20180806_000000.wav_segment_1170_nan.wav.png,1
boxed_nn03g_20180806_000000.wav_segment_1171_marginal.wav.png,1
boxed_nn03g_20180806_000000.wav_segment_1172_nan.wav.png,1
boxed_nn03g_20180806_000000.wav_segment_1174_nan.wav.png,1
boxed_nn03g_20180806_000000.wav_segment_1175_marginal.wav.png,1
boxed_nn03g_20180806_000000.wav_segment_1177_marginal.wav.png,1
boxed_nn03g_20180810_000000.wav_segment_1182_nan.wav.png,1
boxed_nn03g_20180810_000000.wav_segment_1183_nan.wav.png,1
boxed_nn03g_20180810_000000.wav_segment_1184_nan.wav.png,1
boxed_nn03g_20180810_000000.wav_segment_1187_nan.wav.png,1
boxed_nn03g_20180810_000000.wav_segment_1188_marginal.wav.png,1
boxed_nn03g_20180810_000000.wav_segment_1189_marginal.wav.png,1
boxed_nn03g_20180810_000000.wav_segment_1190_marginal.wav.png,1
boxed_nn03g_20180810_000000.wav_segment_1191_nan.wav.png,1
boxed_nn03g_20180810_000000.wav_segment_1192_nan.wav.png,1
boxed_nn03g_20180810_000000.wav_segment_1193_nan.wav.png,1
boxed_nn03g_20180810_000000.wav_segment_1194_nan.wav.png,1
boxed_nn03g_20180810_000000.wav_segment_1195_nan.wav.png,1
boxed_nn03g_20180810_000000.wav_segment_1196_nan.wav.png,1
boxed_nn03g_20180810_000000.wav_segment_1199_nan.wav.png,1
boxed_nn03g_20180810_000000.wav_segment_1200_nan.wav.png,1
boxed_nn03g_20180810_000000.wav_segment_1201_nan.wav.png,1
boxed_nn03g_20180810_000000.wav_segment_1202_nan.wav.png,1
boxed_nn03g_20180810_000000.wav_segment_1203_nan.wav.png,1
boxed_nn03g_20180810_000000.wav_segment_1204_nan.wav.png,1
boxed_nn03g_20180810_000000.wav_segment_1205_marginal.wav.png,1
boxed_nn03g_20180810_000000.wav_segment_1206_nan.wav.png,1
boxed_nn03g_20180810_000000.wav_segment_1207_marginal.wav.png,1
boxed_nn03g_20180810_000000.wav_segment_1208_nan.wav.png,1
boxed_nn03g_20180810_000000.wav_segment_1209_nan.wav.png,1
boxed_nn03g_20180810_000000.wav_segment_1210_nan.wav.png,1
boxed_nn03g_20180810_000000.wav_segment_1211_nan.wav.png,1
boxed_nn03g_20180810_000000.wav_segment_1212_nan.wav.png,1
boxed_nn03g_20180810_000000.wav_segment_1213_nan.wav.png,1
boxed_nn03g_20180810_000000.wav_segment_1214_marginal.wav.png,1
boxed_nn03g_20180810_000000.wav_segment_1215_nan.wav.png,1
boxed_nn03g_20180810_000000.wav_segment_1216_nan.wav.png,1
boxed_nn03g_20180810_000000.wav_segment_1217_marginal.wav.png,1
boxed_nn03g_20180810_000000.wav_segment_1218_marginal.wav.png,1
boxed_nn03g_20180810_000000.wav_segment_1219_nan.wav.png,1
boxed_nn03g_20180810_000000.wav_segment_1220_marginal.wav.png,1
boxed_nn03g_20180810_000000.wav_segment_1221_nan.wav.png,1
boxed_nn03g_20180810_000000.wav_segment_1222_nan.wav.png,1
boxed_nn03g_20180810_000000.wav_segment_1223_nan.wav.png,1
boxed_nn03g_20180810_000000.wav_segment_1225_nan.wav.png,1
boxed_nn03g_20180810_000000.wav_segment_1227_nan.wav.png,1
boxed_nn03g_20180810_000000.wav_segment_1228_marginal.wav.png,1
boxed_nn03g_20180810_000000.wav_segment_1229_nan.wav.png,1
boxed_nn03g_20180810_000000.wav_segment_1230_marginal.wav.png,1
boxed_nn03g_20180810_000000.wav_segment_1231_nan.wav.png,1
boxed_nn03g_20180810_000000.wav_segment_1232_nan.wav.png,1
boxed_nn03g_20180810_000000.wav_segment_1233_marginal.wav.png,1
boxed_nn03g_20180810_000000.wav_segment_1234_marginal.wav.png,1
boxed_nn03g_20180810_000000.wav_segment_1235_marginal.wav.png,1
boxed_nn03g_20180810_000000.wav_segment_1236_nan.wav.png,1
boxed_nn03g_20180810_000000.wav_segment_1237_marginal.wav.png,1
boxed_nn04a_20180608_000000.wav_segment_1239_marginal.wav.png,1
boxed_nn04a_20180608_000000.wav_segment_1241_nan.wav.png,1
boxed_nn04a_20180608_000000.wav_segment_1242_nan.wav.png,1
boxed_nn04a_20180608_000000.wav_segment_1243_nan.wav.png,1
boxed_nn04a_20180608_000000.wav_segment_1244_nan.wav.png,1
boxed_nn04a_20180608_000000.wav_segment_1245_nan.wav.png,1
boxed_nn04a_20180608_000000.wav_segment_1246_nan.wav.png,1
boxed_nn04a_20180608_000000.wav_segment_1247_nan.wav.png,1
boxed_nn04a_20180608_000000.wav_segment_1248_nan.wav.png,1
boxed_nn04a_20180608_000000.wav_segment_1249_nan.wav.png,1
boxed_nn04a_20180608_000000.wav_segment_1250_marginal.wav.png,1
boxed_nn04a_20180608_000000.wav_segment_1251_marginal.wav.png,1
boxed_nn04a_20180608_000000.wav_segment_1252_marginal.wav.png,1
boxed_nn04a_20180608_000000.wav_segment_1253_nan.wav.png,1
boxed_nn04a_20180608_000000.wav_segment_1254_nan.wav.png,1
boxed_nn04a_20180608_000000.wav_segment_1255_nan.wav.png,1
boxed_nn04a_20180608_000000.wav_segment_1256_nan.wav.png,1
boxed_nn04a_20180608_000000.wav_segment_1257_nan.wav.png,1
boxed_nn04a_20180608_000000.wav_segment_1258_nan.wav.png,1
boxed_nn04a_20180608_000000.wav_segment_1264_nan.wav.png,1
boxed_nn04a_20180608_000000.wav_segment_1265_nan.wav.png,1
boxed_nn04a_20180608_000000.wav_segment_1266_nan.wav.png,1
boxed_nn04a_20180608_000000.wav_segment_1267_nan.wav.png,1
boxed_nn04a_20180608_000000.wav_segment_1268_nan.wav.png,1
boxed_nn04a_20180608_000000.wav_segment_1269_nan.wav.png,1
boxed_nn04a_20180608_000000.wav_segment_1270_marginal.wav.png,1
boxed_nn04a_20180608_000000.wav_segment_1271_nan.wav.png,1
boxed_nn04a_20180608_000000.wav_segment_1273_nan.wav.png,1
boxed_nn04a_20180608_000000.wav_segment_1274_marginal.wav.png,1
boxed_nn04a_20180608_000000.wav_segment_1275_nan.wav.png,1
boxed_nn04a_20180608_000000.wav_segment_1276_nan.wav.png,1
boxed_nn04a_20180608_000000.wav_segment_1277_marginal.wav.png,1
boxed_nn04a_20180608_000000.wav_segment_1278_marginal.wav.png,1
boxed_nn04a_20180608_000000.wav_segment_1279_nan.wav.png,1
boxed_nn04a_20180608_000000.wav_segment_1280_marginal.wav.png,1
boxed_nn04a_20180608_000000.wav_segment_1281_nan.wav.png,1
boxed_nn04a_20180608_000000.wav_segment_1282_nan.wav.png,1
boxed_nn04a_20180608_000000.wav_segment_1283_nan.wav.png,1
boxed_nn04a_20180608_000000.wav_segment_1284_marginal.wav.png,1
boxed_nn04a_20180608_000000.wav_segment_1285_nan.wav.png,1
boxed_nn04a_20180629_000000.wav_segment_168_nan.wav.png,1
boxed_nn04a_20180629_000000.wav_segment_169_nan.wav.png,1
boxed_nn04a_20180629_000000.wav_segment_170_nan.wav.png,1
boxed_nn04a_20180629_000000.wav_segment_171_nan.wav.png,1
boxed_nn04a_20180629_000000.wav_segment_172_maginal.wav.png,1
boxed_nn04a_20180629_000000.wav_segment_173_nan.wav.png,1
boxed_nn04a_20180629_000000.wav_segment_174_maginal.wav.png,1
boxed_nn04a_20180629_000000.wav_segment_175_maginal.wav.png,1
boxed_nn04a_20180629_000000.wav_segment_177_nan.wav.png,1
boxed_nn04a_20180629_000000.wav_segment_178_nan.wav.png,1
boxed_nn04a_20180629_000000.wav_segment_179_maginal.wav.png,1
boxed_nn04a_20180629_000000.wav_segment_180_nan.wav.png,1
boxed_nn04b_20180520_000000.wav_segment_1286_nan.wav.png,1
boxed_nn04b_20180611_000000.wav_segment_181_nan.wav.png,1
boxed_nn04b_20180611_000000.wav_segment_182_maginal.wav.png,1
boxed_nn04b_20180611_000000.wav_segment_183_nan.wav.png,1
boxed_nn04b_20180611_000000.wav_segment_184_maginal.wav.png,1
boxed_nn04b_20180611_000000.wav_segment_185_nan.wav.png,1
boxed_nn04b_20180611_000000.wav_segment_186_nan.wav.png,1
boxed_nn04b_20180611_000000.wav_segment_187_maginal.wav.png,1
boxed_nn04b_20180611_000000.wav_segment_188_nan.wav.png,1
boxed_nn04b_20180611_000000.wav_segment_189_nan.wav.png,1
boxed_nn04b_20180611_000000.wav_segment_190_nan.wav.png,1
boxed_nn04b_20180611_000000.wav_segment_191_nan.wav.png,1
boxed_nn04b_20180611_000000.wav_segment_192_nan.wav.png,1
boxed_nn04b_20180611_000000.wav_segment_193_nan.wav.png,1
boxed_nn04b_20180611_000000.wav_segment_194_nan.wav.png,1
boxed_nn04b_20180611_000000.wav_segment_195_nan.wav.png,1
boxed_nn04b_20180611_000000.wav_segment_196_nan.wav.png,1
boxed_nn04b_20180611_000000.wav_segment_197_nan.wav.png,1
boxed_nn04b_20180611_000000.wav_segment_198_maginal.wav.png,1
boxed_nn04b_20180611_000000.wav_segment_199_nan.wav.png,1
boxed_nn04b_20180611_000000.wav_segment_200_nan.wav.png,1
boxed_nn04b_20180611_000000.wav_segment_201_nan.wav.png,1
boxed_nn04b_20180611_000000.wav_segment_202_nan.wav.png,1
boxed_nn04b_20180611_000000.wav_segment_203_nan.wav.png,1
boxed_nn04b_20180611_000000.wav_segment_204_nan.wav.png,1
boxed_nn04b_20180611_000000.wav_segment_205_nan.wav.png,1
boxed_nn04b_20180611_000000.wav_segment_206_nan.wav.png,1
boxed_nn04b_20180611_000000.wav_segment_207_nan.wav.png,1
boxed_nn04b_20180611_000000.wav_segment_208_maginal.wav.png,1
boxed_nn04b_20180611_000000.wav_segment_211_nan.wav.png,1
boxed_nn04c_20180308_000000.wav_segment_1287_nan.wav.png,1
boxed_nn04c_20180308_000000.wav_segment_1288_marginal.wav.png,1
boxed_nn04c_20180308_000000.wav_segment_1289_marginal.wav.png,1
boxed_nn04c_20180308_000000.wav_segment_1290_nan.wav.png,1
boxed_nn04c_20180308_000000.wav_segment_1291_marginal.wav.png,1
boxed_nn04c_20180308_000000.wav_segment_1292_nan.wav.png,1
boxed_nn04c_20180308_000000.wav_segment_1293_marginal.wav.png,1
boxed_nn04c_20180308_000000.wav_segment_1294_marginal.wav.png,1
boxed_nn04c_20180308_000000.wav_segment_1295_marginal.wav.png,1
boxed_nn04c_20180308_000000.wav_segment_1296_marginal.wav.png,1
boxed_nn04c_20180308_000000.wav_segment_1297_marginal.wav.png,1
boxed_nn04c_20180308_000000.wav_segment_1299_marginal.wav.png,1
boxed_nn04c_20180308_000000.wav_segment_1300_nan.wav.png,1
boxed_nn04c_20180308_000000.wav_segment_1301_nan.wav.png,1
boxed_nn04c_20180308_000000.wav_segment_1302_marginal.wav.png,1
boxed_nn04c_20180308_000000.wav_segment_1303_nan.wav.png,1
boxed_nn04c_20180308_000000.wav_segment_1304_nan.wav.png,1
boxed_nn04c_20180308_000000.wav_segment_1305_nan.wav.png,1
boxed_nn04c_20180308_000000.wav_segment_1306_nan.wav.png,1
boxed_nn04c_20180308_000000.wav_segment_1307_nan.wav.png,1
boxed_nn04c_20180308_000000.wav_segment_1308_nan.wav.png,1
boxed_nn04c_20180308_000000.wav_segment_1309_nan.wav.png,1
boxed_nn04c_20180415_000000.wav_segment_1310_nan.wav.png,1
boxed_nn04c_20180415_000000.wav_segment_1311_nan.wav.png,1
boxed_nn04c_20180516_000000.wav_segment_1312_marginal.wav.png,1
boxed_nn04c_20180516_000000.wav_segment_1313_nan.wav.png,1
boxed_nn04c_20180516_000000.wav_segment_1314_nan.wav.png,1
boxed_nn04c_20180516_000000.wav_segment_1315_nan.wav.png,1
boxed_nn04c_20180516_000000.wav_segment_1316_marginal.wav.png,1
boxed_nn04c_20180522_000000.wav_segment_1317_marginal.wav.png,1
boxed_nn04c_20180714_000000.wav_segment_1318_nan.wav.png,1
boxed_nn04c_20180714_000000.wav_segment_1319_nan.wav.png,1
boxed_nn04c_20180714_000000.wav_segment_1320_nan.wav.png,1
boxed_nn04c_20180714_000000.wav_segment_1321_nan.wav.png,1
boxed_nn04c_20180714_000000.wav_segment_1322_nan.wav.png,1
boxed_nn04c_20180714_000000.wav_segment_1323_nan.wav.png,1
boxed_nn04c_20180714_000000.wav_segment_1324_nan.wav.png,1
boxed_nn04c_20180826_000000.wav_segment_1325_nan.wav.png,1
boxed_nn04c_20180826_000000.wav_segment_1326_nan.wav.png,1
boxed_nn04c_20181017_000000.wav_segment_1327_nan.wav.png,1
boxed_nn04c_20181017_000000.wav_segment_1328_nan.wav.png,1
boxed_nn04c_20181017_000000.wav_segment_1329_nan.wav.png,1
boxed_nn04c_20181017_000000.wav_segment_1330_marginal.wav.png,1
boxed_nn04c_20181017_000000.wav_segment_1331_marginal.wav.png,1
boxed_nn04d_20180717_000000.wav_segment_1332_nan.wav.png,1
boxed_nn04d_20180717_000000.wav_segment_1333_nan.wav.png,1
boxed_nn04d_20180717_000000.wav_segment_1334_nan.wav.png,1
boxed_nn04d_20180717_000000.wav_segment_1335_nan.wav.png,1
boxed_nn04d_20181030_000000.wav_segment_212_nan.wav.png,1
boxed_nn04d_20181030_000000.wav_segment_213_nan.wav.png,1
boxed_nn04f_20180616_000000.wav_segment_1336_marginal.wav.png,1
boxed_nn05a_20180316_000000.wav_segment_214_nan.wav.png,1
boxed_nn05a_20180316_000000.wav_segment_215_nan.wav.png,1
boxed_nn05a_20180426_000000.wav_segment_1337_nan.wav.png,1
boxed_nn05a_20180426_000000.wav_segment_1338_nan.wav.png,1
boxed_nn05a_20180426_000000.wav_segment_1339_nan.wav.png,1
boxed_nn05a_20180426_000000.wav_segment_1340_nan.wav.png,1
boxed_nn05a_20180426_000000.wav_segment_1341_marginal.wav.png,1
boxed_nn05a_20180426_000000.wav_segment_1342_marginal.wav.png,1
boxed_nn05a_20180426_000000.wav_segment_1343_nan.wav.png,1
boxed_nn05a_20180426_000000.wav_segment_1344_nan.wav.png,1
boxed_nn05a_20180426_000000.wav_segment_1345_marginal.wav.png,1
boxed_nn05a_20180531_000000.wav_segment_1346_nan.wav.png,1
boxed_nn05a_20180531_000000.wav_segment_1347_nan.wav.png,1
boxed_nn05a_20180531_000000.wav_segment_1348_nan.wav.png,1
boxed_nn05a_20180531_000000.wav_segment_1349_nan.wav.png,1
boxed_nn05a_20180531_000000.wav_segment_1350_nan.wav.png,1
boxed_nn05a_20180531_000000.wav_segment_1351_nan.wav.png,1
boxed_nn05a_20180531_000000.wav_segment_1352_nan.wav.png,1
boxed_nn05a_20180531_000000.wav_segment_1353_nan.wav.png,1
boxed_nn05a_20180531_000000.wav_segment_1354_nan.wav.png,1
boxed_nn05a_20180531_000000.wav_segment_1355_nan.wav.png,1
boxed_nn05a_20180531_000000.wav_segment_1356_nan.wav.png,1
boxed_nn05a_20180531_000000.wav_segment_1357_nan.wav.png,1
boxed_nn05a_20180531_000000.wav_segment_1358_marginal.wav.png,1
boxed_nn05a_20180531_000000.wav_segment_1359_nan.wav.png,1
boxed_nn05a_20180531_000000.wav_segment_1360_nan.wav.png,1
boxed_nn05a_20180531_000000.wav_segment_1361_marginal.wav.png,1
boxed_nn05a_20180531_000000.wav_segment_1362_nan.wav.png,1
boxed_nn05a_20180531_000000.wav_segment_1363_nan.wav.png,1
boxed_nn05a_20180606_000000.wav_segment_1364_nan.wav.png,1
boxed_nn05a_20180606_000000.wav_segment_1365_marginal.wav.png,1
boxed_nn05a_20181029_000000.wav_segment_216_nan.wav.png,1
boxed_nn05a_20181029_000000.wav_segment_217_nan.wav.png,1
boxed_nn05a_20181029_000000.wav_segment_218_nan.wav.png,1
boxed_nn05a_20181029_000000.wav_segment_219_nan.wav.png,1
boxed_nn05a_20181029_000000.wav_segment_220_nan.wav.png,1
boxed_nn05a_20181029_000000.wav_segment_221_maginal.wav.png,1
boxed_nn05a_20181029_000000.wav_segment_222_maginal.wav.png,1
boxed_nn05a_20181029_000000.wav_segment_223_maginal.wav.png,1
boxed_nn05a_20181029_000000.wav_segment_224_nan.wav.png,1
boxed_nn05a_20181029_000000.wav_segment_225_nan.wav.png,1
boxed_nn05a_20181029_000000.wav_segment_226_nan.wav.png,1
boxed_nn05a_20181029_000000.wav_segment_227_nan.wav.png,1
boxed_nn05a_20181029_000000.wav_segment_229_nan.wav.png,1
boxed_nn05a_20181110_000000.wav_segment_1366_nan.wav.png,1
boxed_nn05a_20181110_000000.wav_segment_1368_marginal.wav.png,1
boxed_nn05a_20181110_000000.wav_segment_1369_nan.wav.png,1
boxed_nn05a_20181110_000000.wav_segment_1370_marginal.wav.png,1
boxed_nn05a_20181110_000000.wav_segment_1371_marginal.wav.png,1
boxed_nn05a_20181110_000000.wav_segment_1372_nan.wav.png,1
boxed_nn05a_20181110_000000.wav_segment_1373_marginal.wav.png,1
boxed_nn05a_20181217_000000.wav_segment_1374_marginal.wav.png,1
boxed_nn05a_20181217_000000.wav_segment_1375_nan.wav.png,1
boxed_nn05a_20181217_000000.wav_segment_1376_nan.wav.png,1
boxed_nn05a_20181217_000000.wav_segment_1377_nan.wav.png,1
boxed_nn05a_20181217_000000.wav_segment_1378_marginal.wav.png,1
boxed_nn05a_20181217_000000.wav_segment_1379_nan.wav.png,1
boxed_nn05a_20181217_000000.wav_segment_1380_marginal.wav.png,1
boxed_nn05a_20181217_000000.wav_segment_1381_nan.wav.png,1
boxed_nn05a_20181217_000000.wav_segment_1382_nan.wav.png,1
boxed_nn05a_20181217_000000.wav_segment_1383_marginal.wav.png,1
boxed_nn05a_20181217_000000.wav_segment_1384_nan.wav.png,1
boxed_nn05a_20181217_000000.wav_segment_1385_nan.wav.png,1
boxed_nn05a_20190102_000000.wav_segment_1386_marginal.wav.png,1
boxed_nn05a_20190102_000000.wav_segment_1387_marginal.wav.png,1
boxed_nn05a_20190102_000000.wav_segment_1388_marginal.wav.png,1
boxed_nn05a_20190102_000000.wav_segment_1389_marginal.wav.png,1
boxed_nn05a_20190102_000000.wav_segment_1390_marginal.wav.png,1
boxed_nn05a_20190102_000000.wav_segment_1391_nan.wav.png,1
boxed_nn05a_20190102_000000.wav_segment_1392_nan.wav.png,1
boxed_nn05a_20190102_000000.wav_segment_1393_nan.wav.png,1
boxed_nn05a_20190102_000000.wav_segment_1394_nan.wav.png,1
boxed_nn05a_20190102_000000.wav_segment_1395_marginal.wav.png,1
boxed_nn05a_20190102_000000.wav_segment_1396_marginal.wav.png,1
boxed_nn05a_20190102_000000.wav_segment_1397_marginal.wav.png,1
boxed_nn05a_20190102_000000.wav_segment_1398_marginal.wav.png,1
boxed_nn05a_20190102_000000.wav_segment_1399_nan.wav.png,1
boxed_nn05a_20190102_000000.wav_segment_1400_nan.wav.png,1
boxed_nn05a_20190102_000000.wav_segment_1401_nan.wav.png,1
boxed_nn05a_20190102_000000.wav_segment_1402_nan.wav.png,1
boxed_nn05a_20190102_000000.wav_segment_1403_nan.wav.png,1
boxed_nn05a_20190102_000000.wav_segment_1404_marginal.wav.png,1
boxed_nn05a_20190102_000000.wav_segment_1405_nan.wav.png,1
boxed_nn05a_20190102_000000.wav_segment_1406_nan.wav.png,1
boxed_nn05a_20190102_000000.wav_segment_1407_nan.wav.png,1
boxed_nn05a_20190102_000000.wav_segment_1408_nan.wav.png,1
boxed_nn05a_20190102_000000.wav_segment_1409_nan.wav.png,1
boxed_nn05a_20190102_000000.wav_segment_1410_nan.wav.png,1
boxed_nn05a_20190102_000000.wav_segment_1411_nan.wav.png,1
boxed_nn05a_20190102_000000.wav_segment_1412_nan.wav.png,1
boxed_nn05a_20190102_000000.wav_segment_1413_nan.wav.png,1
boxed_nn05a_20190102_000000.wav_segment_1414_nan.wav.png,1
boxed_nn05a_20190102_000000.wav_segment_1415_nan.wav.png,1
boxed_nn05a_20190102_000000.wav_segment_1416_marginal.wav.png,1
boxed_nn05a_20190102_000000.wav_segment_1417_marginal.wav.png,1
boxed_nn05a_20190218_000000.wav_segment_1418_nan.wav.png,1
boxed_nn05a_20190218_000000.wav_segment_1419_marginal.wav.png,1
boxed_nn05a_20190218_000000.wav_segment_1420_marginal.wav.png,1
boxed_nn05a_20190218_000000.wav_segment_1421_marginal.wav.png,1
boxed_nn05a_20190218_000000.wav_segment_1422_marginal.wav.png,1
boxed_nn05a_20190218_000000.wav_segment_1423_nan.wav.png,1
boxed_nn05a_20190218_000000.wav_segment_1424_nan.wav.png,1
boxed_nn05a_20190218_000000.wav_segment_1425_nan.wav.png,1
boxed_nn05a_20190218_000000.wav_segment_1426_marginal.wav.png,1
boxed_nn05a_20190218_000000.wav_segment_1427_nan.wav.png,1
boxed_nn05a_20190218_000000.wav_segment_1428_marginal.wav.png,1
boxed_nn05a_20190218_000000.wav_segment_1429_marginal.wav.png,1
boxed_nn05a_20190218_000000.wav_segment_1430_nan.wav.png,1
boxed_nn05a_20190218_000000.wav_segment_1431_nan.wav.png,1
boxed_nn05a_20190218_000000.wav_segment_1432_marginal.wav.png,1
boxed_nn05a_20190218_000000.wav_segment_1433_nan.wav.png,1
boxed_nn05a_20190218_000000.wav_segment_1434_marginal.wav.png,1
boxed_nn05a_20190218_000000.wav_segment_1435_nan.wav.png,1
boxed_nn05a_20190218_000000.wav_segment_1436_marginal.wav.png,1
boxed_nn05a_20190218_000000.wav_segment_1437_marginal.wav.png,1
boxed_nn05a_20190218_000000.wav_segment_1438_nan.wav.png,1
boxed_nn05b_20180309_000000.wav_segment_1439_nan.wav.png,1
boxed_nn05b_20180309_000000.wav_segment_1440_nan.wav.png,1
boxed_nn05b_20180309_000000.wav_segment_1441_marginal.wav.png,1
boxed_nn05b_20180309_000000.wav_segment_1442_nan.wav.png,1
boxed_nn05b_20180309_000000.wav_segment_1443_nan.wav.png,1
boxed_nn05b_20180309_000000.wav_segment_1444_nan.wav.png,1
boxed_nn05b_20180309_000000.wav_segment_1445_marginal.wav.png,1
boxed_nn05b_20180309_000000.wav_segment_1447_nan.wav.png,1
boxed_nn05b_20180309_000000.wav_segment_1448_marginal.wav.png,1
boxed_nn05b_20180309_000000.wav_segment_1449_marginal.wav.png,1
boxed_nn05b_20180309_000000.wav_segment_1450_marginal.wav.png,1
boxed_nn05b_20180309_000000.wav_segment_1451_marginal.wav.png,1
boxed_nn05b_20180309_000000.wav_segment_1452_marginal.wav.png,1
boxed_nn05b_20180309_000000.wav_segment_1453_nan.wav.png,1
boxed_nn05b_20180309_000000.wav_segment_1454_nan.wav.png,1
boxed_nn05b_20180309_000000.wav_segment_1455_nan.wav.png,1
boxed_nn05b_20180309_000000.wav_segment_1456_nan.wav.png,1
boxed_nn05b_20180309_000000.wav_segment_1457_nan.wav.png,1
boxed_nn05b_20180309_000000.wav_segment_1458_nan.wav.png,1
boxed_nn05b_20180309_000000.wav_segment_1459_marginal.wav.png,1
boxed_nn05b_20180309_000000.wav_segment_1460_marginal.wav.png,1
boxed_nn05b_20180309_000000.wav_segment_1461_marginal.wav.png,1
boxed_nn05b_20180309_000000.wav_segment_1462_nan.wav.png,1
boxed_nn05b_20180309_000000.wav_segment_1463_marginal.wav.png,1
boxed_nn05b_20180309_000000.wav_segment_1464_marginal.wav.png,1
boxed_nn05b_20180309_000000.wav_segment_1465_marginal.wav.png,1
boxed_nn05b_20180309_000000.wav_segment_1466_marginal.wav.png,1
boxed_nn05b_20180309_000000.wav_segment_1467_marginal.wav.png,1
boxed_nn05b_20180309_000000.wav_segment_1468_nan.wav.png,1
boxed_nn05b_20180309_000000.wav_segment_1469_marginal.wav.png,1
boxed_nn05b_20180309_000000.wav_segment_1470_nan.wav.png,1
boxed_nn05b_20180309_000000.wav_segment_1471_nan.wav.png,1
boxed_nn05b_20180309_000000.wav_segment_1472_nan.wav.png,1
boxed_nn05b_20180309_000000.wav_segment_1473_marginal.wav.png,1
boxed_nn05b_20180309_000000.wav_segment_1475_marginal.wav.png,1
boxed_nn05b_20180309_000000.wav_segment_1476_nan.wav.png,1
boxed_nn05b_20180309_000000.wav_segment_1477_nan.wav.png,1
boxed_nn05b_20180309_000000.wav_segment_1478_marginal.wav.png,1
boxed_nn05b_20180309_000000.wav_segment_1479_nan.wav.png,1
boxed_nn05b_20180309_000000.wav_segment_1480_nan.wav.png,1
boxed_nn05b_20180309_000000.wav_segment_1482_nan.wav.png,1
boxed_nn05b_20180309_000000.wav_segment_1483_nan.wav.png,1
boxed_nn05b_20180309_000000.wav_segment_1484_nan.wav.png,1
boxed_nn05b_20180309_000000.wav_segment_1485_nan.wav.png,1
boxed_nn05b_20180309_000000.wav_segment_1486_nan.wav.png,1
boxed_nn05b_20180309_000000.wav_segment_1487_nan.wav.png,1
boxed_nn05b_20180309_000000.wav_segment_1488_nan.wav.png,1
boxed_nn05b_20180309_000000.wav_segment_1489_nan.wav.png,1
boxed_nn05b_20180309_000000.wav_segment_1490_nan.wav.png,1
boxed_nn05b_20180309_000000.wav_segment_1491_nan.wav.png,1
boxed_nn05b_20180309_000000.wav_segment_1492_marginal.wav.png,1
boxed_nn05b_20180309_000000.wav_segment_1493_nan.wav.png,1
boxed_nn05b_20180309_000000.wav_segment_1494_nan.wav.png,1
boxed_nn05b_20180309_000000.wav_segment_1495_nan.wav.png,1
boxed_nn05b_20180309_000000.wav_segment_1496_nan.wav.png,1
boxed_nn05b_20180309_000000.wav_segment_1497_marginal.wav.png,1
boxed_nn05b_20180309_000000.wav_segment_1498_marginal.wav.png,1
boxed_nn05b_20180309_000000.wav_segment_1499_marginal.wav.png,1
boxed_nn05b_20180309_000000.wav_segment_1500_marginal.wav.png,1
boxed_nn05b_20180414_000000.wav_segment_1501_marginal.wav.png,1
boxed_nn05b_20180414_000000.wav_segment_1502_marginal.wav.png,1
boxed_nn05b_20180414_000000.wav_segment_1503_nan.wav.png,1
boxed_nn05b_20180414_000000.wav_segment_1504_nan.wav.png,1
boxed_nn05b_20180414_000000.wav_segment_1505_nan.wav.png,1
boxed_nn05b_20180414_000000.wav_segment_1506_nan.wav.png,1
boxed_nn05b_20180414_000000.wav_segment_1507_nan.wav.png,1
boxed_nn05b_20180414_000000.wav_segment_1508_nan.wav.png,1
boxed_nn05b_20180414_000000.wav_segment_1509_nan.wav.png,1
boxed_nn05b_20180414_000000.wav_segment_1510_nan.wav.png,1
boxed_nn05b_20180414_000000.wav_segment_1511_nan.wav.png,1
boxed_nn05b_20180522_000000.wav_segment_1512_nan.wav.png,1
boxed_nn05b_20180522_000000.wav_segment_1513_nan.wav.png,1
boxed_nn05b_20180522_000000.wav_segment_1514_marginal.wav.png,1
boxed_nn05b_20180522_000000.wav_segment_1515_marginal.wav.png,1
boxed_nn05b_20180522_000000.wav_segment_1516_nan.wav.png,1
boxed_nn05b_20180522_000000.wav_segment_1517_marginal.wav.png,1
boxed_nn05b_20180522_000000.wav_segment_1518_nan.wav.png,1
boxed_nn05b_20180522_000000.wav_segment_1519_nan.wav.png,1
boxed_nn05b_20180522_000000.wav_segment_1520_nan.wav.png,1
boxed_nn05b_20180522_000000.wav_segment_1521_marginal.wav.png,1
boxed_nn05b_20180522_000000.wav_segment_1522_nan.wav.png,1
boxed_nn05b_20180522_000000.wav_segment_1523_nan.wav.png,1
boxed_nn05b_20180522_000000.wav_segment_1524_nan.wav.png,1
boxed_nn05b_20180522_000000.wav_segment_1525_nan.wav.png,1
boxed_nn05b_20180522_000000.wav_segment_1526_nan.wav.png,1
boxed_nn05b_20180522_000000.wav_segment_1527_marginal.wav.png,1
boxed_nn05b_20180522_000000.wav_segment_1528_nan.wav.png,1
boxed_nn05b_20180522_000000.wav_segment_1529_nan.wav.png,1
boxed_nn05b_20180522_000000.wav_segment_1530_nan.wav.png,1
boxed_nn05b_20180617_000000.wav_segment_1531_nan.wav.png,1
boxed_nn05b_20180617_000000.wav_segment_1532_nan.wav.png,1
boxed_nn05b_20180617_000000.wav_segment_1533_nan.wav.png,1
boxed_nn05b_20180617_000000.wav_segment_1534_nan.wav.png,1
boxed_nn05b_20180617_000000.wav_segment_1535_nan.wav.png,1
boxed_nn05b_20180617_000000.wav_segment_1536_nan.wav.png,1
boxed_nn05b_20180617_000000.wav_segment_1537_nan.wav.png,1
boxed_nn05b_20180617_000000.wav_segment_1538_nan.wav.png,1
boxed_nn05b_20180617_000000.wav_segment_1539_nan.wav.png,1
boxed_nn05b_20180617_000000.wav_segment_1540_marginal.wav.png,1
boxed_nn05b_20180617_000000.wav_segment_1541_nan.wav.png,1
boxed_nn05b_20180617_000000.wav_segment_1542_nan.wav.png,1
boxed_nn05b_20180617_000000.wav_segment_1543_nan.wav.png,1
boxed_nn05b_20180617_000000.wav_segment_1544_marginal.wav.png,1
boxed_nn05b_20180925_000000.wav_segment_1545_nan.wav.png,1
boxed_nn05b_20180925_000000.wav_segment_1546_nan.wav.png,1
boxed_nn05b_20190209_000000.wav_segment_1548_nan.wav.png,1
boxed_nn05b_20190209_000000.wav_segment_1549_nan.wav.png,1
boxed_nn05b_20190209_000000.wav_segment_1550_nan.wav.png,1
boxed_nn05b_20190209_000000.wav_segment_1551_nan.wav.png,1
boxed_nn05b_20190209_000000.wav_segment_1552_nan.wav.png,1
boxed_nn05b_20190209_000000.wav_segment_1553_nan.wav.png,1
boxed_nn05b_20190209_000000.wav_segment_1554_nan.wav.png,1
boxed_nn05b_20190209_000000.wav_segment_1555_nan.wav.png,1
boxed_nn05b_20190209_000000.wav_segment_1556_nan.wav.png,1
boxed_nn05b_20190209_000000.wav_segment_1557_nan.wav.png,1
boxed_nn05b_20190209_000000.wav_segment_1558_marginal.wav.png,1
boxed_nn05c_20180619_000000.wav_segment_233_nan.wav.png,1
boxed_nn05c_20180619_000000.wav_segment_234_nan.wav.png,1
boxed_nn05c_20190214_000000.wav_segment_1559_marginal.wav.png,1
boxed_nn05d_20180405_000000.wav_segment_1560_nan.wav.png,1
boxed_nn05d_20180518_000000.wav_segment_1561_nan.wav.png,1
boxed_nn05d_20180518_000000.wav_segment_1562_marginal.wav.png,1
boxed_nn05d_20180518_000000.wav_segment_1563_nan.wav.png,1
boxed_nn05d_20180518_000000.wav_segment_1564_nan.wav.png,1
boxed_nn05d_20180518_000000.wav_segment_1565_marginal.wav.png,1
boxed_nn05d_20180518_000000.wav_segment_1566_marginal.wav.png,1
boxed_nn05d_20180518_000000.wav_segment_1567_marginal.wav.png,1
boxed_nn05d_20180603_000000.wav_segment_1568_nan.wav.png,1
boxed_nn05d_20180603_000000.wav_segment_1569_nan.wav.png,1
boxed_nn05d_20180603_000000.wav_segment_1570_nan.wav.png,1
boxed_nn05d_20180603_000000.wav_segment_1571_nan.wav.png,1
boxed_nn05d_20180603_000000.wav_segment_1572_nan.wav.png,1
boxed_nn05d_20180702_000000.wav_segment_1573_nan.wav.png,1
boxed_nn05d_20180702_000000.wav_segment_1574_nan.wav.png,1
boxed_nn05d_20180702_000000.wav_segment_1575_nan.wav.png,1
boxed_nn05d_20180702_000000.wav_segment_1576_nan.wav.png,1
boxed_nn05d_20180702_000000.wav_segment_1577_marginal.wav.png,1
boxed_nn05d_20180702_000000.wav_segment_1578_marginal.wav.png,1
boxed_nn05d_20180702_000000.wav_segment_1579_nan.wav.png,1
boxed_nn05d_20180702_000000.wav_segment_1580_nan.wav.png,1
boxed_nn05d_20180702_000000.wav_segment_1581_marginal.wav.png,1
boxed_nn05d_20180702_000000.wav_segment_1582_nan.wav.png,1
boxed_nn05d_20180702_000000.wav_segment_1583_nan.wav.png,1
boxed_nn05d_20180702_000000.wav_segment_1584_marginal.wav.png,1
boxed_nn05d_20181022_000000.wav_segment_1587_marginal.wav.png,1
boxed_nn05d_20181118_000000.wav_segment_1588_nan.wav.png,1
boxed_nn05d_20181118_000000.wav_segment_1589_nan.wav.png,1
boxed_nn05d_20181118_000000.wav_segment_1590_nan.wav.png,1
boxed_nn05d_20181118_000000.wav_segment_1592_nan.wav.png,1
boxed_nn05d_20181118_000000.wav_segment_1593_nan.wav.png,1
boxed_nn05d_20181118_000000.wav_segment_1594_nan.wav.png,1
boxed_nn05d_20181118_000000.wav_segment_1595_nan.wav.png,1
boxed_nn05d_20181118_000000.wav_segment_1596_nan.wav.png,1
boxed_nn05d_20181118_000000.wav_segment_1597_marginal.wav.png,1
boxed_nn05d_20181118_000000.wav_segment_1598_nan.wav.png,1
boxed_nn05d_20181118_000000.wav_segment_1599_nan.wav.png,1
boxed_nn05d_20181118_000000.wav_segment_1600_nan.wav.png,1
boxed_nn05d_20181118_000000.wav_segment_1601_marginal.wav.png,1
boxed_nn05d_20181118_000000.wav_segment_1602_marginal.wav.png,1
boxed_nn05d_20181118_000000.wav_segment_1603_nan.wav.png,1
boxed_nn05d_20181118_000000.wav_segment_1604_nan.wav.png,1
boxed_nn05d_20181118_000000.wav_segment_1605_marginal.wav.png,1
boxed_nn05d_20181118_000000.wav_segment_1606_nan.wav.png,1
boxed_nn05d_20181118_000000.wav_segment_1607_marginal.wav.png,1
boxed_nn05d_20181118_000000.wav_segment_1608_marginal.wav.png,1
boxed_nn05d_20181118_000000.wav_segment_1609_marginal.wav.png,1
boxed_nn05d_20181118_000000.wav_segment_1610_marginal.wav.png,1
boxed_nn05d_20181118_000000.wav_segment_1611_nan.wav.png,1
boxed_nn05d_20181118_000000.wav_segment_1613_marginal.wav.png,1
boxed_nn05d_20181220_000000.wav_segment_1616_marginal.wav.png,1
boxed_nn05e_20181021_000000.wav_segment_1620_nan.wav.png,1
boxed_nn05e_20181021_000000.wav_segment_1623_nan.wav.png,1
boxed_nn05e_20181021_000000.wav_segment_1624_nan.wav.png,1
boxed_nn06a_20171228_000000.wav_segment_235_nan.wav.png,1
boxed_nn06a_20171228_000000.wav_segment_236_nan.wav.png,1
boxed_nn06a_20171228_000000.wav_segment_237_nan.wav.png,1
boxed_nn06a_20171228_000000.wav_segment_238_nan.wav.png,1
boxed_nn06a_20171228_000000.wav_segment_239_nan.wav.png,1
boxed_nn06a_20171228_000000.wav_segment_240_maginal.wav.png,1
boxed_nn06a_20171228_000000.wav_segment_241_nan.wav.png,1
boxed_nn06a_20171228_000000.wav_segment_242_maginal.wav.png,1
boxed_nn06a_20171228_000000.wav_segment_243_maginal.wav.png,1
boxed_nn06a_20171228_000000.wav_segment_244_maginal.wav.png,1
boxed_nn06a_20171228_000000.wav_segment_245_nan.wav.png,1
boxed_nn06a_20171228_000000.wav_segment_248_maginal.wav.png,1
boxed_nn06a_20171228_000000.wav_segment_249_maginal.wav.png,1
boxed_nn06a_20171228_000000.wav_segment_250_maginal.wav.png,1
boxed_nn06a_20171228_000000.wav_segment_251_nan.wav.png,1
boxed_nn06a_20171228_000000.wav_segment_252_maginal.wav.png,1
boxed_nn06a_20171228_000000.wav_segment_253_nan.wav.png,1
boxed_nn06a_20171228_000000.wav_segment_254_nan.wav.png,1
boxed_nn06a_20171228_000000.wav_segment_255_nan.wav.png,1
boxed_nn06a_20171228_000000.wav_segment_256_nan.wav.png,1
boxed_nn06a_20171228_000000.wav_segment_257_nan.wav.png,1
boxed_nn06a_20171228_000000.wav_segment_259_nan.wav.png,1
boxed_nn06a_20171228_000000.wav_segment_260_nan.wav.png,1
boxed_nn06a_20171228_000000.wav_segment_261_nan.wav.png,1
boxed_nn06a_20171228_000000.wav_segment_262_nan.wav.png,1
boxed_nn06a_20171228_000000.wav_segment_263_nan.wav.png,1
boxed_nn06a_20171228_000000.wav_segment_264_nan.wav.png,1
boxed_nn06a_20171228_000000.wav_segment_265_maginal.wav.png,1
boxed_nn06a_20171228_000000.wav_segment_266_nan.wav.png,1
boxed_nn06a_20171228_000000.wav_segment_267_nan.wav.png,1
boxed_nn06a_20171228_000000.wav_segment_268_nan.wav.png,1
boxed_nn06a_20171228_000000.wav_segment_269_nan.wav.png,1
boxed_nn06a_20171228_000000.wav_segment_270_nan.wav.png,1
boxed_nn06a_20171228_000000.wav_segment_271_nan.wav.png,1
boxed_nn06a_20171228_000000.wav_segment_272_maginal.wav.png,1
boxed_nn06a_20171228_000000.wav_segment_273_nan.wav.png,1
boxed_nn06a_20171228_000000.wav_segment_274_nan.wav.png,1
boxed_nn06a_20171228_000000.wav_segment_275_nan.wav.png,1
boxed_nn06a_20171228_000000.wav_segment_276_nan.wav.png,1
boxed_nn06a_20171228_000000.wav_segment_277_nan.wav.png,1
boxed_nn06a_20171228_000000.wav_segment_278_maginal.wav.png,1
boxed_nn06a_20171228_000000.wav_segment_279_maginal.wav.png,1
boxed_nn06a_20171228_000000.wav_segment_281_nan.wav.png,1
boxed_nn06a_20171228_000000.wav_segment_282_nan.wav.png,1
boxed_nn06a_20171228_000000.wav_segment_285_nan.wav.png,1
boxed_nn06a_20171228_000000.wav_segment_289_nan.wav.png,1
boxed_nn06a_20171228_000000.wav_segment_290_nan.wav.png,1
boxed_nn06a_20171228_000000.wav_segment_291_nan.wav.png,1
boxed_nn06a_20171228_000000.wav_segment_293_maginal.wav.png,1
boxed_nn06a_20171228_000000.wav_segment_294_nan.wav.png,1
boxed_nn06a_20171228_000000.wav_segment_295_nan.wav.png,1
boxed_nn06a_20171228_000000.wav_segment_296_nan.wav.png,1
boxed_nn06a_20180319_000000.wav_segment_299_nan.wav.png,1
boxed_nn06a_20180319_000000.wav_segment_300_nan.wav.png,1
boxed_nn06a_20180319_000000.wav_segment_301_maginal.wav.png,1
boxed_nn06a_20180319_000000.wav_segment_302_nan.wav.png,1
boxed_nn06a_20180319_000000.wav_segment_303_maginal.wav.png,1
boxed_nn06a_20180319_000000.wav_segment_304_nan.wav.png,1
boxed_nn06a_20180319_000000.wav_segment_305_nan.wav.png,1
boxed_nn06a_20180319_000000.wav_segment_306_maginal.wav.png,1
boxed_nn06a_20180319_000000.wav_segment_307_nan.wav.png,1
boxed_nn06a_20180319_000000.wav_segment_308_nan.wav.png,1
boxed_nn06a_20180319_000000.wav_segment_309_nan.wav.png,1
boxed_nn06a_20180319_000000.wav_segment_310_nan.wav.png,1
boxed_nn06a_20180319_000000.wav_segment_311_nan.wav.png,1
boxed_nn06a_20180319_000000.wav_segment_313_nan.wav.png,1
boxed_nn06a_20180319_000000.wav_segment_314_nan.wav.png,1
boxed_nn06a_20180319_000000.wav_segment_316_nan.wav.png,1
boxed_nn06a_20180319_000000.wav_segment_317_nan.wav.png,1
boxed_nn06a_20180319_000000.wav_segment_318_nan.wav.png,1
boxed_nn06a_20180319_000000.wav_segment_320_nan.wav.png,1
boxed_nn06a_20180319_000000.wav_segment_321_nan.wav.png,1
boxed_nn06a_20180319_000000.wav_segment_322_nan.wav.png,1
boxed_nn06a_20180319_000000.wav_segment_323_nan.wav.png,1
boxed_nn06a_20180319_000000.wav_segment_324_nan.wav.png,1
boxed_nn06a_20180319_000000.wav_segment_325_nan.wav.png,1
boxed_nn06a_20180319_000000.wav_segment_326_nan.wav.png,1
boxed_nn06a_20180319_000000.wav_segment_329_nan.wav.png,1
boxed_nn06a_20180319_000000.wav_segment_330_nan.wav.png,1
boxed_nn06a_20180319_000000.wav_segment_332_nan.wav.png,1
boxed_nn06a_20180319_000000.wav_segment_334_nan.wav.png,1
boxed_nn06a_20180319_000000.wav_segment_335_nan.wav.png,1
boxed_nn06a_20180417_000000.wav_segment_337_nan.wav.png,1
boxed_nn06a_20180417_000000.wav_segment_339_nan.wav.png,1
boxed_nn06a_20180417_000000.wav_segment_340_nan.wav.png,1
boxed_nn06a_20180417_000000.wav_segment_341_maginal.wav.png,1
boxed_nn06a_20180417_000000.wav_segment_342_nan.wav.png,1
boxed_nn06a_20180417_000000.wav_segment_343_nan.wav.png,1
boxed_nn06a_20180417_000000.wav_segment_344_nan.wav.png,1
boxed_nn06a_20180417_000000.wav_segment_345_nan.wav.png,1
boxed_nn06a_20180417_000000.wav_segment_346_nan.wav.png,1
boxed_nn06a_20180417_000000.wav_segment_347_nan.wav.png,1
boxed_nn06a_20180417_000000.wav_segment_348_nan.wav.png,1
boxed_nn06a_20180417_000000.wav_segment_349_nan.wav.png,1
boxed_nn06a_20180417_000000.wav_segment_350_nan.wav.png,1
boxed_nn06a_20180417_000000.wav_segment_351_nan.wav.png,1
boxed_nn06a_20180417_000000.wav_segment_352_nan.wav.png,1
boxed_nn06a_20180417_000000.wav_segment_353_nan.wav.png,1
boxed_nn06a_20180417_000000.wav_segment_354_nan.wav.png,1
boxed_nn06a_20180417_000000.wav_segment_355_maginal.wav.png,1
boxed_nn06a_20180417_000000.wav_segment_356_nan.wav.png,1
boxed_nn06a_20180417_000000.wav_segment_357_maginal.wav.png,1
boxed_nn06a_20180417_000000.wav_segment_358_nan.wav.png,1
boxed_nn06a_20180417_000000.wav_segment_359_nan.wav.png,1
boxed_nn06a_20180417_000000.wav_segment_361_maginal.wav.png,1
boxed_nn06a_20180512_000000.wav_segment_1625_marginal.wav.png,1
boxed_nn06a_20180512_000000.wav_segment_1626_marginal.wav.png,1
boxed_nn06a_20180512_000000.wav_segment_1627_marginal.wav.png,1
boxed_nn06a_20180512_000000.wav_segment_1628_marginal.wav.png,1
boxed_nn06a_20180512_000000.wav_segment_1629_nan.wav.png,1
boxed_nn06a_20180512_000000.wav_segment_1634_nan.wav.png,1
boxed_nn06a_20180512_000000.wav_segment_1635_nan.wav.png,1
boxed_nn06a_20180512_000000.wav_segment_1636_nan.wav.png,1
boxed_nn06a_20180512_000000.wav_segment_1637_nan.wav.png,1
boxed_nn06a_20180512_000000.wav_segment_1638_nan.wav.png,1
boxed_nn06a_20180512_000000.wav_segment_1639_nan.wav.png,1
boxed_nn06a_20180512_000000.wav_segment_1640_nan.wav.png,1
boxed_nn06a_20180512_000000.wav_segment_1641_nan.wav.png,1
boxed_nn06a_20180512_000000.wav_segment_1642_nan.wav.png,1
boxed_nn06a_20180512_000000.wav_segment_1643_marginal.wav.png,1
boxed_nn06a_20180512_000000.wav_segment_1644_nan.wav.png,1
boxed_nn06a_20180512_000000.wav_segment_1645_nan.wav.png,1
boxed_nn06a_20180512_000000.wav_segment_1646_nan.wav.png,1
boxed_nn06a_20180512_000000.wav_segment_1647_nan.wav.png,1
boxed_nn06a_20180512_000000.wav_segment_1649_nan.wav.png,1
boxed_nn06a_20180512_000000.wav_segment_1650_marginal.wav.png,1
boxed_nn06a_20180512_000000.wav_segment_1651_marginal.wav.png,1
boxed_nn06a_20180512_000000.wav_segment_1652_nan.wav.png,1
boxed_nn06a_20180615_000000.wav_segment_1653_nan.wav.png,1
boxed_nn06a_20180615_000000.wav_segment_1655_nan.wav.png,1
boxed_nn06a_20180615_000000.wav_segment_1661_marginal.wav.png,1
boxed_nn06a_20180615_000000.wav_segment_1662_nan.wav.png,1
boxed_nn06a_20180615_000000.wav_segment_1663_nan.wav.png,1
boxed_nn06a_20180615_000000.wav_segment_1664_marginal.wav.png,1
boxed_nn06a_20180615_000000.wav_segment_1666_nan.wav.png,1
boxed_nn06a_20180615_000000.wav_segment_1667_nan.wav.png,1
boxed_nn06a_20180615_000000.wav_segment_1670_nan.wav.png,1
boxed_nn06a_20180615_000000.wav_segment_1671_nan.wav.png,1
boxed_nn06a_20180615_000000.wav_segment_1672_nan.wav.png,1
boxed_nn06a_20180615_000000.wav_segment_1673_nan.wav.png,1
boxed_nn06a_20180615_000000.wav_segment_1674_nan.wav.png,1
boxed_nn06a_20180615_000000.wav_segment_1675_nan.wav.png,1
boxed_nn06a_20180615_000000.wav_segment_1676_nan.wav.png,1
boxed_nn06a_20180615_000000.wav_segment_1677_nan.wav.png,1
boxed_nn06a_20180615_000000.wav_segment_1678_nan.wav.png,1
boxed_nn06a_20180615_000000.wav_segment_1679_nan.wav.png,1
boxed_nn06a_20180615_000000.wav_segment_1680_nan.wav.png,1
boxed_nn06a_20180615_000000.wav_segment_1682_nan.wav.png,1
boxed_nn06a_20180615_000000.wav_segment_1683_nan.wav.png,1
boxed_nn06a_20180615_000000.wav_segment_1684_nan.wav.png,1
boxed_nn06a_20180615_000000.wav_segment_1685_nan.wav.png,1
boxed_nn06a_20180615_000000.wav_segment_1686_marginal.wav.png,1
boxed_nn06a_20180615_000000.wav_segment_1687_nan.wav.png,1
boxed_nn06a_20180615_000000.wav_segment_1688_nan.wav.png,1
boxed_nn06a_20180615_000000.wav_segment_1689_nan.wav.png,1
boxed_nn06a_20180615_000000.wav_segment_1690_nan.wav.png,1
boxed_nn06a_20180615_000000.wav_segment_1691_nan.wav.png,1
boxed_nn06a_20180615_000000.wav_segment_1693_marginal.wav.png,1
boxed_nn06a_20180615_000000.wav_segment_1694_marginal.wav.png,1
boxed_nn06a_20180615_000000.wav_segment_1695_marginal.wav.png,1
boxed_nn06a_20180615_000000.wav_segment_1696_marginal.wav.png,1
boxed_nn06a_20180615_000000.wav_segment_1698_nan.wav.png,1
boxed_nn06a_20180615_000000.wav_segment_1699_nan.wav.png,1
boxed_nn06a_20180615_000000.wav_segment_1700_nan.wav.png,1
boxed_nn06a_20180615_000000.wav_segment_1701_nan.wav.png,1
boxed_nn06a_20180615_000000.wav_segment_1702_nan.wav.png,1
boxed_nn06a_20180615_000000.wav_segment_1703_marginal.wav.png,1
boxed_nn06a_20180615_000000.wav_segment_1704_nan.wav.png,1
boxed_nn06a_20180615_000000.wav_segment_1706_nan.wav.png,1
boxed_nn06a_20180615_000000.wav_segment_1707_nan.wav.png,1
boxed_nn06a_20180615_000000.wav_segment_1708_nan.wav.png,1
boxed_nn06a_20180615_000000.wav_segment_1709_nan.wav.png,1
boxed_nn06a_20180615_000000.wav_segment_1710_nan.wav.png,1
boxed_nn06a_20180615_000000.wav_segment_1711_marginal.wav.png,1
boxed_nn06a_20180615_000000.wav_segment_1713_marginal.wav.png,1
boxed_nn06a_20180716_000000.wav_segment_1717_marginal.wav.png,1
boxed_nn06a_20180716_000000.wav_segment_1718_nan.wav.png,1
boxed_nn06a_20180716_000000.wav_segment_1719_nan.wav.png,1
boxed_nn06a_20180716_000000.wav_segment_1720_marginal.wav.png,1
boxed_nn06a_20180716_000000.wav_segment_1721_marginal.wav.png,1
boxed_nn06a_20180716_000000.wav_segment_1722_nan.wav.png,1
boxed_nn06a_20180716_000000.wav_segment_1723_nan.wav.png,1
boxed_nn06a_20180716_000000.wav_segment_1724_nan.wav.png,1
boxed_nn06a_20180716_000000.wav_segment_1725_nan.wav.png,1
boxed_nn06a_20180716_000000.wav_segment_1726_nan.wav.png,1
boxed_nn06a_20180716_000000.wav_segment_1727_nan.wav.png,1
boxed_nn06a_20180716_000000.wav_segment_1728_nan.wav.png,1
boxed_nn06a_20180716_000000.wav_segment_1729_nan.wav.png,1
boxed_nn06a_20180716_000000.wav_segment_1730_marginal.wav.png,1
boxed_nn06a_20180716_000000.wav_segment_1731_nan.wav.png,1
boxed_nn06a_20180716_000000.wav_segment_1732_nan.wav.png,1
boxed_nn06a_20180716_000000.wav_segment_1733_nan.wav.png,1
boxed_nn06a_20180716_000000.wav_segment_1734_nan.wav.png,1
boxed_nn06a_20180716_000000.wav_segment_1735_nan.wav.png,1
boxed_nn06a_20180716_000000.wav_segment_1736_nan.wav.png,1
boxed_nn06a_20180716_000000.wav_segment_1737_nan.wav.png,1
boxed_nn06a_20180716_000000.wav_segment_1738_nan.wav.png,1
boxed_nn06a_20180716_000000.wav_segment_1739_nan.wav.png,1
boxed_nn06a_20180716_000000.wav_segment_1740_nan.wav.png,1
boxed_nn06a_20180716_000000.wav_segment_1741_nan.wav.png,1
boxed_nn06a_20180716_000000.wav_segment_1742_nan.wav.png,1
boxed_nn06a_20180716_000000.wav_segment_1743_nan.wav.png,1
boxed_nn06a_20180716_000000.wav_segment_1744_nan.wav.png,1
boxed_nn06a_20180716_000000.wav_segment_1745_nan.wav.png,1
boxed_nn06a_20180716_000000.wav_segment_1746_marginal.wav.png,1
boxed_nn06a_20180716_000000.wav_segment_1747_nan.wav.png,1
boxed_nn06a_20180716_000000.wav_segment_1750_nan.wav.png,1
boxed_nn06a_20180716_000000.wav_segment_1751_nan.wav.png,1
boxed_nn06a_20180716_000000.wav_segment_1752_nan.wav.png,1
boxed_nn06a_20180716_000000.wav_segment_1754_marginal.wav.png,1
boxed_nn06a_20180716_000000.wav_segment_1755_nan.wav.png,1
boxed_nn06a_20180716_000000.wav_segment_1756_nan.wav.png,1
boxed_nn06a_20180716_000000.wav_segment_1757_nan.wav.png,1
boxed_nn06a_20180716_000000.wav_segment_1758_nan.wav.png,1
boxed_nn06a_20180716_000000.wav_segment_1759_marginal.wav.png,1
boxed_nn06a_20180716_000000.wav_segment_1760_nan.wav.png,1
boxed_nn06a_20180716_000000.wav_segment_1761_marginal.wav.png,1
boxed_nn06a_20180716_000000.wav_segment_1762_marginal.wav.png,1
boxed_nn06a_20180716_000000.wav_segment_1763_nan.wav.png,1
boxed_nn06a_20180716_000000.wav_segment_1764_marginal.wav.png,1
boxed_nn06a_20180716_000000.wav_segment_1765_marginal.wav.png,1
boxed_nn06a_20180716_000000.wav_segment_1766_marginal.wav.png,1
boxed_nn06a_20180716_000000.wav_segment_1767_nan.wav.png,1
boxed_nn06a_20180716_000000.wav_segment_1768_marginal.wav.png,1
boxed_nn06a_20180716_000000.wav_segment_1769_nan.wav.png,1
boxed_nn06a_20180716_000000.wav_segment_1770_nan.wav.png,1
boxed_nn06a_20180716_000000.wav_segment_1771_marginal.wav.png,1
boxed_nn06a_20180716_000000.wav_segment_1772_marginal.wav.png,1
boxed_nn06a_20180716_000000.wav_segment_1773_marginal.wav.png,1
boxed_nn06a_20180716_000000.wav_segment_1774_marginal.wav.png,1
boxed_nn06a_20180716_000000.wav_segment_1775_nan.wav.png,1
boxed_nn06a_20180716_000000.wav_segment_1776_nan.wav.png,1
boxed_nn06a_20180716_000000.wav_segment_1777_marginal.wav.png,1
boxed_nn06a_20180716_000000.wav_segment_1778_marginal.wav.png,1
boxed_nn06a_20180716_000000.wav_segment_1780_nan.wav.png,1
boxed_nn06a_20180716_000000.wav_segment_1781_nan.wav.png,1
boxed_nn06a_20180716_000000.wav_segment_1783_nan.wav.png,1
boxed_nn06a_20180716_000000.wav_segment_1784_nan.wav.png,1
boxed_nn06a_20180716_000000.wav_segment_1785_nan.wav.png,1
boxed_nn06a_20180716_000000.wav_segment_1786_nan.wav.png,1
boxed_nn06a_20180716_000000.wav_segment_1787_nan.wav.png,1
boxed_nn06a_20180716_000000.wav_segment_1788_nan.wav.png,1
boxed_nn06a_20180716_000000.wav_segment_1789_nan.wav.png,1
boxed_nn06a_20180716_000000.wav_segment_1790_nan.wav.png,1
boxed_nn06a_20180716_000000.wav_segment_1791_nan.wav.png,1
boxed_nn06a_20180716_000000.wav_segment_1792_nan.wav.png,1
boxed_nn06a_20180716_000000.wav_segment_1793_nan.wav.png,1
boxed_nn06a_20180716_000000.wav_segment_1794_nan.wav.png,1
boxed_nn06a_20180716_000000.wav_segment_1795_nan.wav.png,1
boxed_nn06a_20180716_000000.wav_segment_1796_nan.wav.png,1
boxed_nn06a_20180716_000000.wav_segment_1797_nan.wav.png,1
boxed_nn06a_20180716_000000.wav_segment_1798_nan.wav.png,1
boxed_nn06a_20180716_000000.wav_segment_1799_nan.wav.png,1
boxed_nn06a_20180716_000000.wav_segment_1800_nan.wav.png,1
boxed_nn06a_20180716_000000.wav_segment_1801_nan.wav.png,1
boxed_nn06a_20180716_000000.wav_segment_1802_nan.wav.png,1
boxed_nn06a_20180716_000000.wav_segment_1803_nan.wav.png,1
boxed_nn06a_20180716_000000.wav_segment_1804_nan.wav.png,1
boxed_nn06a_20180716_000000.wav_segment_1805_nan.wav.png,1
boxed_nn06a_20180716_000000.wav_segment_1806_nan.wav.png,1
boxed_nn06a_20180716_000000.wav_segment_1807_nan.wav.png,1
boxed_nn06a_20180716_000000.wav_segment_1808_nan.wav.png,1
boxed_nn06a_20180716_000000.wav_segment_1809_nan.wav.png,1
boxed_nn06a_20180716_000000.wav_segment_1810_nan.wav.png,1
boxed_nn06a_20180716_000000.wav_segment_1811_nan.wav.png,1
boxed_nn06a_20180716_000000.wav_segment_1812_nan.wav.png,1
boxed_nn06a_20180716_000000.wav_segment_1813_nan.wav.png,1
boxed_nn06a_20180716_000000.wav_segment_1814_nan.wav.png,1
boxed_nn06a_20180716_000000.wav_segment_1816_nan.wav.png,1
boxed_nn06a_20180716_000000.wav_segment_1817_nan.wav.png,1
boxed_nn06a_20180716_000000.wav_segment_1818_nan.wav.png,1
boxed_nn06a_20180716_000000.wav_segment_1819_nan.wav.png,1
boxed_nn06a_20180716_000000.wav_segment_1820_nan.wav.png,1
boxed_nn06a_20180716_000000.wav_segment_1821_nan.wav.png,1
boxed_nn06a_20180716_000000.wav_segment_1822_nan.wav.png,1
boxed_nn06a_20180716_000000.wav_segment_1824_nan.wav.png,1
boxed_nn06a_20180716_000000.wav_segment_1825_nan.wav.png,1
boxed_nn06a_20180716_000000.wav_segment_1826_nan.wav.png,1
boxed_nn06a_20180716_000000.wav_segment_1827_nan.wav.png,1
boxed_nn06a_20180716_000000.wav_segment_1828_nan.wav.png,1
boxed_nn06a_20180716_000000.wav_segment_1829_nan.wav.png,1
boxed_nn06a_20180716_000000.wav_segment_1830_marginal.wav.png,1
boxed_nn06a_20180716_000000.wav_segment_1831_marginal.wav.png,1
boxed_nn06a_20180716_000000.wav_segment_1832_nan.wav.png,1
boxed_nn06a_20180716_000000.wav_segment_1833_nan.wav.png,1
boxed_nn06a_20180716_000000.wav_segment_1834_nan.wav.png,1
boxed_nn06a_20180716_000000.wav_segment_1835_nan.wav.png,1
boxed_nn06a_20180716_000000.wav_segment_1837_marginal.wav.png,1
boxed_nn06a_20180716_000000.wav_segment_1838_nan.wav.png,1
boxed_nn06a_20180716_000000.wav_segment_1839_marginal.wav.png,1
boxed_nn06a_20180716_000000.wav_segment_1840_nan.wav.png,1
boxed_nn06a_20180716_000000.wav_segment_1841_nan.wav.png,1
boxed_nn06a_20180716_000000.wav_segment_1842_nan.wav.png,1
boxed_nn06a_20180716_000000.wav_segment_1843_nan.wav.png,1
boxed_nn06a_20180716_000000.wav_segment_1844_nan.wav.png,1
boxed_nn06a_20180716_000000.wav_segment_1845_marginal.wav.png,1
boxed_nn06a_20180716_000000.wav_segment_1846_marginal.wav.png,1
boxed_nn06a_20180716_000000.wav_segment_1847_nan.wav.png,1
boxed_nn06a_20180716_000000.wav_segment_1848_nan.wav.png,1
boxed_nn06a_20180716_000000.wav_segment_1849_marginal.wav.png,1
boxed_nn06a_20180716_000000.wav_segment_1850_marginal.wav.png,1
boxed_nn06a_20180716_000000.wav_segment_1851_nan.wav.png,1
boxed_nn06a_20180716_000000.wav_segment_1853_nan.wav.png,1
boxed_nn06a_20180716_000000.wav_segment_1856_marginal.wav.png,1
boxed_nn06a_20180716_000000.wav_segment_1857_nan.wav.png,1
boxed_nn06a_20180716_000000.wav_segment_1858_nan.wav.png,1
boxed_nn06a_20180716_000000.wav_segment_1860_nan.wav.png,1
boxed_nn06a_20180716_000000.wav_segment_1861_marginal.wav.png,1
boxed_nn06a_20180716_000000.wav_segment_1863_nan.wav.png,1
boxed_nn06a_20180716_000000.wav_segment_1865_nan.wav.png,1
boxed_nn06a_20180716_000000.wav_segment_1866_nan.wav.png,1
boxed_nn06a_20180716_000000.wav_segment_1867_nan.wav.png,1
boxed_nn06a_20180716_000000.wav_segment_1869_nan.wav.png,1
boxed_nn06a_20180716_000000.wav_segment_1871_marginal.wav.png,1
boxed_nn06a_20180716_000000.wav_segment_1872_nan.wav.png,1
boxed_nn06a_20180716_000000.wav_segment_1873_nan.wav.png,1
boxed_nn06a_20180716_000000.wav_segment_1874_marginal.wav.png,1
boxed_nn06a_20180716_000000.wav_segment_1875_marginal.wav.png,1
boxed_nn06a_20180716_000000.wav_segment_1876_marginal.wav.png,1
boxed_nn06a_20180716_000000.wav_segment_1877_nan.wav.png,1
boxed_nn06a_20180721_000000.wav_segment_1881_nan.wav.png,1
boxed_nn06a_20180721_000000.wav_segment_1882_nan.wav.png,1
boxed_nn06a_20180721_000000.wav_segment_1883_marginal.wav.png,1
boxed_nn06a_20180721_000000.wav_segment_1884_nan.wav.png,1
boxed_nn06a_20180721_000000.wav_segment_1885_nan.wav.png,1
boxed_nn06a_20180721_000000.wav_segment_1886_nan.wav.png,1
boxed_nn06a_20180721_000000.wav_segment_1887_nan.wav.png,1
boxed_nn06a_20180721_000000.wav_segment_1888_nan.wav.png,1
boxed_nn06a_20180721_000000.wav_segment_1889_nan.wav.png,1
boxed_nn06a_20180721_000000.wav_segment_1890_nan.wav.png,1
boxed_nn06a_20180721_000000.wav_segment_1891_nan.wav.png,1
boxed_nn06a_20180721_000000.wav_segment_1892_nan.wav.png,1
boxed_nn06a_20180721_000000.wav_segment_1893_nan.wav.png,1
boxed_nn06a_20180721_000000.wav_segment_1894_nan.wav.png,1
boxed_nn06a_20180721_000000.wav_segment_1895_nan.wav.png,1
boxed_nn06a_20180721_000000.wav_segment_1896_nan.wav.png,1
boxed_nn06a_20180721_000000.wav_segment_1897_nan.wav.png,1
boxed_nn06a_20180721_000000.wav_segment_1898_nan.wav.png,1
boxed_nn06a_20180721_000000.wav_segment_1899_nan.wav.png,1
boxed_nn06a_20180721_000000.wav_segment_1900_nan.wav.png,1
boxed_nn06a_20180721_000000.wav_segment_1901_nan.wav.png,1
boxed_nn06a_20180721_000000.wav_segment_1902_nan.wav.png,1
boxed_nn06a_20180721_000000.wav_segment_1903_nan.wav.png,1
boxed_nn06a_20180721_000000.wav_segment_1907_nan.wav.png,1
boxed_nn06a_20180721_000000.wav_segment_1908_nan.wav.png,1
boxed_nn06a_20180721_000000.wav_segment_1909_nan.wav.png,1
boxed_nn06a_20180721_000000.wav_segment_1911_nan.wav.png,1
boxed_nn06a_20180721_000000.wav_segment_1912_marginal.wav.png,1
boxed_nn06a_20180721_000000.wav_segment_1913_marginal.wav.png,1
boxed_nn06a_20180721_000000.wav_segment_1914_marginal.wav.png,1
boxed_nn06a_20180721_000000.wav_segment_1915_marginal.wav.png,1
boxed_nn06a_20180721_000000.wav_segment_1916_nan.wav.png,1
boxed_nn06a_20180721_000000.wav_segment_1917_marginal.wav.png,1
boxed_nn06a_20180721_000000.wav_segment_1918_marginal.wav.png,1
boxed_nn06a_20180721_000000.wav_segment_1919_marginal.wav.png,1
boxed_nn06a_20180721_000000.wav_segment_1920_nan.wav.png,1
boxed_nn06a_20180830_000000.wav_segment_363_nan.wav.png,1
boxed_nn06a_20180830_000000.wav_segment_364_nan.wav.png,1
boxed_nn06a_20180830_000000.wav_segment_365_nan.wav.png,1
boxed_nn06a_20180830_000000.wav_segment_366_nan.wav.png,1
boxed_nn06a_20180830_000000.wav_segment_367_nan.wav.png,1
boxed_nn06a_20180830_000000.wav_segment_368_maginal.wav.png,1
boxed_nn06a_20180830_000000.wav_segment_369_nan.wav.png,1
boxed_nn06a_20180830_000000.wav_segment_370_maginal.wav.png,1
boxed_nn06a_20180830_000000.wav_segment_372_nan.wav.png,1
boxed_nn06a_20180830_000000.wav_segment_373_nan.wav.png,1
boxed_nn06a_20180830_000000.wav_segment_374_nan.wav.png,1
boxed_nn06a_20180830_000000.wav_segment_375_nan.wav.png,1
boxed_nn06a_20180830_000000.wav_segment_376_nan.wav.png,1
boxed_nn06a_20180830_000000.wav_segment_377_nan.wav.png,1
boxed_nn06a_20180830_000000.wav_segment_378_maginal.wav.png,1
boxed_nn06a_20180830_000000.wav_segment_379_nan.wav.png,1
boxed_nn06a_20180830_000000.wav_segment_380_maginal.wav.png,1
boxed_nn06a_20180830_000000.wav_segment_381_nan.wav.png,1
boxed_nn06a_20180830_000000.wav_segment_382_maginal.wav.png,1
boxed_nn06a_20180830_000000.wav_segment_383_nan.wav.png,1
boxed_nn06a_20180830_000000.wav_segment_384_nan.wav.png,1
boxed_nn06a_20180912_000000.wav_segment_387_maginal.wav.png,1
boxed_nn06a_20180912_000000.wav_segment_388_maginal.wav.png,1
boxed_nn06a_20180912_000000.wav_segment_390_nan.wav.png,1
boxed_nn06a_20180912_000000.wav_segment_391_maginal.wav.png,1
boxed_nn06a_20180912_000000.wav_segment_392_nan.wav.png,1
boxed_nn06a_20180912_000000.wav_segment_393_maginal.wav.png,1
boxed_nn06a_20180912_000000.wav_segment_394_nan.wav.png,1
boxed_nn06a_20180912_000000.wav_segment_395_maginal.wav.png,1
boxed_nn06a_20180912_000000.wav_segment_396_nan.wav.png,1
boxed_nn06a_20180912_000000.wav_segment_397_nan.wav.png,1
boxed_nn06a_20180912_000000.wav_segment_398_nan.wav.png,1
boxed_nn06a_20180912_000000.wav_segment_399_nan.wav.png,1
boxed_nn06a_20180912_000000.wav_segment_400_nan.wav.png,1
boxed_nn06a_20180912_000000.wav_segment_401_maginal.wav.png,1
boxed_nn06a_20180912_000000.wav_segment_402_nan.wav.png,1
boxed_nn06a_20180912_000000.wav_segment_403_maginal.wav.png,1
boxed_nn06a_20180912_000000.wav_segment_404_nan.wav.png,1
boxed_nn06a_20180912_000000.wav_segment_405_maginal.wav.png,1
boxed_nn06a_20180912_000000.wav_segment_406_marginal.wav.png,1
boxed_nn06a_20180912_000000.wav_segment_407_nan.wav.png,1
boxed_nn06a_20180912_000000.wav_segment_408_nan.wav.png,1
boxed_nn06a_20180912_000000.wav_segment_409_nan.wav.png,1
boxed_nn06a_20180912_000000.wav_segment_410_nan.wav.png,1
boxed_nn06a_20180912_000000.wav_segment_411_maginal.wav.png,1
boxed_nn06a_20180912_000000.wav_segment_412_nan.wav.png,1
boxed_nn06a_20180912_000000.wav_segment_413_marginal.wav.png,1
boxed_nn06a_20180912_000000.wav_segment_414_maginal.wav.png,1
boxed_nn06a_20180912_000000.wav_segment_415_maginal.wav.png,1
boxed_nn06a_20180912_000000.wav_segment_416_nan.wav.png,1
boxed_nn06a_20180912_000000.wav_segment_417_nan.wav.png,1
boxed_nn06a_20180912_000000.wav_segment_418_nan.wav.png,1
boxed_nn06a_20180912_000000.wav_segment_419_nan.wav.png,1
boxed_nn06a_20180912_000000.wav_segment_420_nan.wav.png,1
boxed_nn06a_20180912_000000.wav_segment_421_maginal.wav.png,1
boxed_nn06a_20180912_000000.wav_segment_422_nan.wav.png,1
boxed_nn06a_20180912_000000.wav_segment_423_nan.wav.png,1
boxed_nn06a_20180912_000000.wav_segment_424_nan.wav.png,1
boxed_nn06a_20180912_000000.wav_segment_425_nan.wav.png,1
boxed_nn06a_20180912_000000.wav_segment_426_maginal.wav.png,1
boxed_nn06a_20180912_000000.wav_segment_427_maginal.wav.png,1
boxed_nn06a_20180912_000000.wav_segment_428_nan.wav.png,1
boxed_nn06a_20180912_000000.wav_segment_429_maginal.wav.png,1
boxed_nn06a_20180912_000000.wav_segment_430_nan.wav.png,1
boxed_nn06a_20180912_000000.wav_segment_431_maginal.wav.png,1
boxed_nn06a_20180912_000000.wav_segment_432_nan.wav.png,1
boxed_nn06a_20180912_000000.wav_segment_433_nan.wav.png,1
boxed_nn06a_20180912_000000.wav_segment_434_nan.wav.png,1
boxed_nn06a_20180912_000000.wav_segment_435_maginal.wav.png,1
boxed_nn06a_20180912_000000.wav_segment_436_nan.wav.png,1
boxed_nn06a_20180912_000000.wav_segment_437_maginal.wav.png,1
boxed_nn06a_20180912_000000.wav_segment_439_nan.wav.png,1
boxed_nn06a_20180912_000000.wav_segment_440_maginal.wav.png,1
boxed_nn06a_20180912_000000.wav_segment_442_maginal.wav.png,1
boxed_nn06a_20181009_000000.wav_segment_1922_nan.wav.png,1
boxed_nn06a_20181009_000000.wav_segment_1924_nan.wav.png,1
boxed_nn06a_20181009_000000.wav_segment_1925_nan.wav.png,1
boxed_nn06a_20181009_000000.wav_segment_1926_marginal.wav.png,1
boxed_nn06a_20181009_000000.wav_segment_1927_nan.wav.png,1
boxed_nn06a_20181009_000000.wav_segment_1928_marginal.wav.png,1
boxed_nn06a_20181009_000000.wav_segment_1929_nan.wav.png,1
boxed_nn06a_20181009_000000.wav_segment_1930_nan.wav.png,1
boxed_nn06a_20181009_000000.wav_segment_1931_nan.wav.png,1
boxed_nn06a_20181009_000000.wav_segment_1932_nan.wav.png,1
boxed_nn06a_20181009_000000.wav_segment_1933_nan.wav.png,1
boxed_nn06a_20181009_000000.wav_segment_1934_nan.wav.png,1
boxed_nn06a_20181009_000000.wav_segment_1935_marginal.wav.png,1
boxed_nn06a_20181009_000000.wav_segment_1936_nan.wav.png,1
boxed_nn06a_20181009_000000.wav_segment_1937_nan.wav.png,1
boxed_nn06a_20181009_000000.wav_segment_1938_marginal.wav.png,1
boxed_nn06a_20181009_000000.wav_segment_1939_marginal.wav.png,1
boxed_nn06a_20181009_000000.wav_segment_1940_nan.wav.png,1
boxed_nn06a_20181009_000000.wav_segment_1941_nan.wav.png,1
boxed_nn06a_20181009_000000.wav_segment_1942_nan.wav.png,1
boxed_nn06a_20181009_000000.wav_segment_1943_nan.wav.png,1
boxed_nn06a_20181009_000000.wav_segment_1944_nan.wav.png,1
boxed_nn06a_20181009_000000.wav_segment_1945_nan.wav.png,1
boxed_nn06a_20181009_000000.wav_segment_1946_nan.wav.png,1
boxed_nn06a_20181009_000000.wav_segment_1947_nan.wav.png,1
boxed_nn06a_20181009_000000.wav_segment_1948_nan.wav.png,1
boxed_nn06a_20181009_000000.wav_segment_1949_marginal.wav.png,1
boxed_nn06a_20181009_000000.wav_segment_1950_marginal.wav.png,1
boxed_nn06a_20181009_000000.wav_segment_1951_nan.wav.png,1
boxed_nn06a_20181009_000000.wav_segment_1952_marginal.wav.png,1
boxed_nn06a_20181009_000000.wav_segment_1953_nan.wav.png,1
boxed_nn06a_20181009_000000.wav_segment_1954_nan.wav.png,1
boxed_nn06a_20181009_000000.wav_segment_1955_nan.wav.png,1
boxed_nn06a_20181009_000000.wav_segment_1956_nan.wav.png,1
boxed_nn06a_20181009_000000.wav_segment_1957_marginal.wav.png,1
boxed_nn06a_20181009_000000.wav_segment_1958_nan.wav.png,1
boxed_nn06a_20181009_000000.wav_segment_1959_nan.wav.png,1
boxed_nn06a_20181009_000000.wav_segment_1960_nan.wav.png,1
boxed_nn06a_20181009_000000.wav_segment_1961_nan.wav.png,1
boxed_nn06a_20181009_000000.wav_segment_1962_nan.wav.png,1
boxed_nn06a_20181009_000000.wav_segment_1963_nan.wav.png,1
boxed_nn06a_20181009_000000.wav_segment_1964_marginal.wav.png,1
boxed_nn06a_20181009_000000.wav_segment_1965_nan.wav.png,1
boxed_nn06a_20181009_000000.wav_segment_1966_nan.wav.png,1
boxed_nn06a_20181009_000000.wav_segment_1967_nan.wav.png,1
boxed_nn06a_20181009_000000.wav_segment_1968_nan.wav.png,1
boxed_nn06a_20181009_000000.wav_segment_1969_nan.wav.png,1
boxed_nn06a_20181009_000000.wav_segment_1970_nan.wav.png,1
boxed_nn06a_20181009_000000.wav_segment_1971_nan.wav.png,1
boxed_nn06a_20181009_000000.wav_segment_1972_marginal.wav.png,1
boxed_nn06a_20181009_000000.wav_segment_1973_nan.wav.png,1
boxed_nn06a_20181009_000000.wav_segment_1974_marginal.wav.png,1
boxed_nn06a_20181009_000000.wav_segment_1975_marginal.wav.png,1
boxed_nn06a_20181009_000000.wav_segment_1976_nan.wav.png,1
boxed_nn06a_20181009_000000.wav_segment_1977_marginal.wav.png,1
boxed_nn06a_20181009_000000.wav_segment_1978_nan.wav.png,1
boxed_nn06a_20181009_000000.wav_segment_1979_nan.wav.png,1
boxed_nn06a_20181009_000000.wav_segment_1980_nan.wav.png,1
boxed_nn06a_20181009_000000.wav_segment_1981_marginal.wav.png,1
boxed_nn06a_20181009_000000.wav_segment_1982_nan.wav.png,1
boxed_nn06a_20181009_000000.wav_segment_1983_nan.wav.png,1
boxed_nn06a_20181009_000000.wav_segment_1984_nan.wav.png,1
boxed_nn06a_20181009_000000.wav_segment_1985_nan.wav.png,1
boxed_nn06a_20181009_000000.wav_segment_1986_nan.wav.png,1
boxed_nn06a_20181009_000000.wav_segment_1987_nan.wav.png,1
boxed_nn06a_20181009_000000.wav_segment_1988_nan.wav.png,1
boxed_nn06a_20181101_000000.wav_segment_1989_marginal.wav.png,1
boxed_nn06a_20181101_000000.wav_segment_1991_marginal.wav.png,1
boxed_nn06a_20181101_000000.wav_segment_1992_nan.wav.png,1
boxed_nn06a_20181101_000000.wav_segment_1993_nan.wav.png,1
boxed_nn06a_20181101_000000.wav_segment_1994_nan.wav.png,1
boxed_nn06a_20181101_000000.wav_segment_1995_nan.wav.png,1
boxed_nn06a_20181101_000000.wav_segment_1996_nan.wav.png,1
boxed_nn06a_20181101_000000.wav_segment_1997_marginal.wav.png,1
boxed_nn06a_20181101_000000.wav_segment_1998_nan.wav.png,1
boxed_nn06a_20181101_000000.wav_segment_1999_nan.wav.png,1
boxed_nn06a_20181101_000000.wav_segment_2000_nan.wav.png,1
boxed_nn06a_20181101_000000.wav_segment_2001_nan.wav.png,1
boxed_nn06a_20181101_000000.wav_segment_2002_nan.wav.png,1
boxed_nn06a_20181101_000000.wav_segment_2003_nan.wav.png,1
boxed_nn06a_20181101_000000.wav_segment_2004_nan.wav.png,1
boxed_nn06a_20181101_000000.wav_segment_2005_marginal.wav.png,1
boxed_nn06a_20181101_000000.wav_segment_2006_nan.wav.png,1
boxed_nn06a_20181101_000000.wav_segment_2007_nan.wav.png,1
boxed_nn06a_20181101_000000.wav_segment_2008_nan.wav.png,1
boxed_nn06a_20181101_000000.wav_segment_2009_nan.wav.png,1
boxed_nn06a_20181101_000000.wav_segment_2010_marginal.wav.png,1
boxed_nn06a_20181101_000000.wav_segment_2011_nan.wav.png,1
boxed_nn06a_20181101_000000.wav_segment_2012_nan.wav.png,1
boxed_nn06a_20181101_000000.wav_segment_2013_nan.wav.png,1
boxed_nn06a_20181101_000000.wav_segment_2014_marginal.wav.png,1
boxed_nn06a_20181101_000000.wav_segment_2015_marginal.wav.png,1
boxed_nn06a_20181101_000000.wav_segment_2016_nan.wav.png,1
boxed_nn06a_20181101_000000.wav_segment_2017_nan.wav.png,1
boxed_nn06a_20181101_000000.wav_segment_2018_nan.wav.png,1
boxed_nn06a_20181101_000000.wav_segment_2019_nan.wav.png,1
boxed_nn06a_20181101_000000.wav_segment_2020_nan.wav.png,1
boxed_nn06a_20181101_000000.wav_segment_2021_nan.wav.png,1
boxed_nn06a_20181101_000000.wav_segment_2022_nan.wav.png,1
boxed_nn06a_20181101_000000.wav_segment_2023_nan.wav.png,1
boxed_nn06a_20181101_000000.wav_segment_2024_nan.wav.png,1
boxed_nn06a_20181101_000000.wav_segment_2025_nan.wav.png,1
boxed_nn06a_20181101_000000.wav_segment_2026_nan.wav.png,1
boxed_nn06a_20181101_000000.wav_segment_2027_nan.wav.png,1
boxed_nn06a_20181101_000000.wav_segment_2028_nan.wav.png,1
boxed_nn06a_20181101_000000.wav_segment_2029_nan.wav.png,1
boxed_nn06a_20181101_000000.wav_segment_2030_nan.wav.png,1
boxed_nn06a_20181220_020245.wav_segment_2031_marginal.wav.png,1
boxed_nn06a_20181220_020245.wav_segment_2032_nan.wav.png,1
boxed_nn06a_20181220_020245.wav_segment_2033_nan.wav.png,1
boxed_nn06a_20181220_020245.wav_segment_2034_nan.wav.png,1
boxed_nn06a_20181220_020245.wav_segment_2035_marginal.wav.png,1
boxed_nn06a_20181220_020245.wav_segment_2036_nan.wav.png,1
boxed_nn06a_20181220_020245.wav_segment_2038_nan.wav.png,1
boxed_nn06a_20181220_020245.wav_segment_2039_nan.wav.png,1
boxed_nn06a_20181220_020245.wav_segment_2040_nan.wav.png,1
boxed_nn06a_20181220_020245.wav_segment_2041_nan.wav.png,1
boxed_nn06a_20181220_020245.wav_segment_2042_marginal.wav.png,1
boxed_nn06a_20181220_020245.wav_segment_2043_nan.wav.png,1
boxed_nn06a_20181220_020245.wav_segment_2044_marginal.wav.png,1
boxed_nn06a_20181220_020245.wav_segment_2045_marginal.wav.png,1
boxed_nn06a_20181220_020245.wav_segment_2046_nan.wav.png,1
boxed_nn06a_20181220_020245.wav_segment_2047_marginal.wav.png,1
boxed_nn06a_20181220_020245.wav_segment_2048_marginal.wav.png,1
boxed_nn06a_20181220_020245.wav_segment_2049_marginal.wav.png,1
boxed_nn06a_20181220_020245.wav_segment_2050_nan.wav.png,1
boxed_nn06a_20181220_020245.wav_segment_2051_marginal.wav.png,1
boxed_nn06a_20181220_020245.wav_segment_2053_nan.wav.png,1
boxed_nn06a_20181220_020245.wav_segment_2054_nan.wav.png,1
boxed_nn06a_20181220_020245.wav_segment_2055_marginal.wav.png,1
boxed_nn06a_20181220_020245.wav_segment_2056_nan.wav.png,1
boxed_nn06a_20181220_020245.wav_segment_2057_marginal.wav.png,1
boxed_nn06a_20181220_020245.wav_segment_2058_marginal.wav.png,1
boxed_nn06a_20181220_020245.wav_segment_2059_marginal.wav.png,1
boxed_nn06a_20181220_020245.wav_segment_2060_marginal.wav.png,1
boxed_nn06a_20181220_020245.wav_segment_2061_marginal.wav.png,1
boxed_nn06a_20181220_020245.wav_segment_2062_nan.wav.png,1
boxed_nn06a_20181220_020245.wav_segment_2063_marginal.wav.png,1
boxed_nn06a_20181220_020245.wav_segment_2064_marginal.wav.png,1
boxed_nn06a_20181220_020245.wav_segment_2065_nan.wav.png,1
boxed_nn06a_20181220_020245.wav_segment_2066_nan.wav.png,1
boxed_nn06a_20181220_020245.wav_segment_2067_nan.wav.png,1
boxed_nn06a_20181220_020245.wav_segment_2068_marginal.wav.png,1
boxed_nn06a_20181220_020245.wav_segment_2069_marginal.wav.png,1
boxed_nn06a_20181220_020245.wav_segment_2070_marginal.wav.png,1
boxed_nn06a_20181220_020245.wav_segment_2071_marginal.wav.png,1
boxed_nn06a_20181220_020245.wav_segment_2072_nan.wav.png,1
boxed_nn06a_20181220_020245.wav_segment_2073_marginal.wav.png,1
boxed_nn06a_20181220_020245.wav_segment_2074_marginal.wav.png,1
boxed_nn06a_20181220_020245.wav_segment_2075_marginal.wav.png,1
boxed_nn06a_20181220_020245.wav_segment_2076_marginal.wav.png,1
boxed_nn06a_20181220_020245.wav_segment_2077_marginal.wav.png,1
boxed_nn06a_20181220_020245.wav_segment_2078_marginal.wav.png,1
boxed_nn06a_20181220_020245.wav_segment_2079_marginal.wav.png,1
boxed_nn06a_20181220_020245.wav_segment_2080_marginal.wav.png,1
boxed_nn06a_20181220_020245.wav_segment_2081_marginal.wav.png,1
boxed_nn06a_20181220_020245.wav_segment_2082_marginal.wav.png,1
boxed_nn06a_20181220_020245.wav_segment_2083_marginal.wav.png,1
boxed_nn06a_20181220_020245.wav_segment_2084_marginal.wav.png,1
boxed_nn06a_20181220_020245.wav_segment_2085_nan.wav.png,1
boxed_nn06a_20190128_020245.wav_segment_2089_nan.wav.png,1
boxed_nn06a_20190128_020245.wav_segment_2093_nan.wav.png,1
boxed_nn06a_20190128_020245.wav_segment_2095_marginal.wav.png,1
boxed_nn06a_20190216_020245.wav_segment_2097_nan.wav.png,1
boxed_nn06a_20190216_020245.wav_segment_2098_marginal.wav.png,1
boxed_nn06a_20190216_020245.wav_segment_2099_marginal.wav.png,1
boxed_nn06a_20190216_020245.wav_segment_2100_nan.wav.png,1
boxed_nn06a_20190216_020245.wav_segment_2101_nan.wav.png,1
boxed_nn06a_20190216_020245.wav_segment_2102_nan.wav.png,1
boxed_nn06a_20190216_020245.wav_segment_2103_nan.wav.png,1
boxed_nn06a_20190216_020245.wav_segment_2104_nan.wav.png,1
boxed_nn06b_20180310_000000.wav_segment_444_maginal.wav.png,1
boxed_nn06b_20180310_000000.wav_segment_445_maginal.wav.png,1
boxed_nn06b_20180310_000000.wav_segment_446_nan.wav.png,1
boxed_nn06b_20180310_000000.wav_segment_447_nan.wav.png,1
boxed_nn06b_20180310_000000.wav_segment_448_maginal.wav.png,1
boxed_nn06b_20180310_000000.wav_segment_449_nan.wav.png,1
boxed_nn06b_20180310_000000.wav_segment_450_nan.wav.png,1
boxed_nn06b_20180310_000000.wav_segment_451_nan.wav.png,1
boxed_nn06b_20180310_000000.wav_segment_452_nan.wav.png,1
boxed_nn06b_20180310_000000.wav_segment_453_nan.wav.png,1
boxed_nn06b_20180310_000000.wav_segment_454_nan.wav.png,1
boxed_nn06b_20180310_000000.wav_segment_455_nan.wav.png,1
boxed_nn06b_20180310_000000.wav_segment_456_nan.wav.png,1
boxed_nn06b_20180310_000000.wav_segment_457_nan.wav.png,1
boxed_nn06b_20180310_000000.wav_segment_458_maginal.wav.png,1
boxed_nn06b_20180310_000000.wav_segment_460_maginal.wav.png,1
boxed_nn06b_20180411_000000.wav_segment_2105_marginal.wav.png,1
boxed_nn06b_20180411_000000.wav_segment_2107_marginal.wav.png,1
boxed_nn06b_20180411_000000.wav_segment_2109_marginal.wav.png,1
boxed_nn06b_20180411_000000.wav_segment_2111_nan.wav.png,1
boxed_nn06b_20180411_000000.wav_segment_2112_marginal.wav.png,1
boxed_nn06b_20180411_000000.wav_segment_2114_nan.wav.png,1
boxed_nn06b_20180411_000000.wav_segment_2116_nan.wav.png,1
boxed_nn06b_20180411_000000.wav_segment_2117_nan.wav.png,1
boxed_nn06b_20180411_000000.wav_segment_2118_nan.wav.png,1
boxed_nn06b_20180411_000000.wav_segment_2119_nan.wav.png,1
boxed_nn06b_20180411_000000.wav_segment_2120_marginal.wav.png,1
boxed_nn06b_20180411_000000.wav_segment_2121_nan.wav.png,1
boxed_nn06b_20180411_000000.wav_segment_2122_nan.wav.png,1
boxed_nn06b_20180411_000000.wav_segment_2124_marginal.wav.png,1
boxed_nn06b_20180411_000000.wav_segment_2125_marginal.wav.png,1
boxed_nn06b_20180411_000000.wav_segment_2126_nan.wav.png,1
boxed_nn06b_20180411_000000.wav_segment_2127_nan.wav.png,1
boxed_nn06b_20180411_000000.wav_segment_2130_marginal.wav.png,1
boxed_nn06b_20180411_000000.wav_segment_2131_nan.wav.png,1
boxed_nn06b_20180411_000000.wav_segment_2134_marginal.wav.png,1
boxed_nn06b_20180411_000000.wav_segment_2135_nan.wav.png,1
boxed_nn06b_20180411_000000.wav_segment_2136_nan.wav.png,1
boxed_nn06b_20180411_000000.wav_segment_2137_marginal.wav.png,1
boxed_nn06b_20180411_000000.wav_segment_2138_nan.wav.png,1
boxed_nn06b_20180411_000000.wav_segment_2140_marginal.wav.png,1
boxed_nn06b_20180411_000000.wav_segment_2141_marginal.wav.png,1
boxed_nn06b_20180411_000000.wav_segment_2143_marginal.wav.png,1
boxed_nn06b_20180411_000000.wav_segment_2144_marginal.wav.png,1
boxed_nn06b_20180411_000000.wav_segment_2145_marginal.wav.png,1
boxed_nn06b_20180411_000000.wav_segment_2146_nan.wav.png,1
boxed_nn06b_20180411_000000.wav_segment_2147_nan.wav.png,1
boxed_nn06b_20180411_000000.wav_segment_2148_nan.wav.png,1
boxed_nn06b_20180411_000000.wav_segment_2149_marginal.wav.png,1
boxed_nn06b_20180411_000000.wav_segment_2150_marginal.wav.png,1
boxed_nn06b_20180411_000000.wav_segment_2151_nan.wav.png,1
boxed_nn06b_20180511_000000.wav_segment_2153_nan.wav.png,1
boxed_nn06b_20180511_000000.wav_segment_2154_nan.wav.png,1
boxed_nn06b_20180511_000000.wav_segment_2155_nan.wav.png,1
boxed_nn06b_20180511_000000.wav_segment_2156_nan.wav.png,1
boxed_nn06b_20180511_000000.wav_segment_2157_nan.wav.png,1
boxed_nn06b_20180511_000000.wav_segment_2158_nan.wav.png,1
boxed_nn06b_20180511_000000.wav_segment_2159_nan.wav.png,1
boxed_nn06b_20180511_000000.wav_segment_2160_nan.wav.png,1
boxed_nn06b_20180511_000000.wav_segment_2161_nan.wav.png,1
boxed_nn06b_20180511_000000.wav_segment_2162_nan.wav.png,1
boxed_nn06b_20180511_000000.wav_segment_2163_nan.wav.png,1
boxed_nn06b_20180511_000000.wav_segment_2165_marginal.wav.png,1
boxed_nn06b_20180511_000000.wav_segment_2166_nan.wav.png,1
boxed_nn06b_20180511_000000.wav_segment_2167_marginal.wav.png,1
boxed_nn06b_20180511_000000.wav_segment_2168_nan.wav.png,1
boxed_nn06b_20180511_000000.wav_segment_2169_nan.wav.png,1
boxed_nn06b_20180511_000000.wav_segment_2170_nan.wav.png,1
boxed_nn06b_20180511_000000.wav_segment_2171_nan.wav.png,1
boxed_nn06b_20180511_000000.wav_segment_2172_nan.wav.png,1
boxed_nn06b_20180511_000000.wav_segment_2173_nan.wav.png,1
boxed_nn06b_20180511_000000.wav_segment_2174_nan.wav.png,1
boxed_nn06b_20180511_000000.wav_segment_2175_nan.wav.png,1
boxed_nn06b_20180511_000000.wav_segment_2176_nan.wav.png,1
boxed_nn06b_20180511_000000.wav_segment_2177_nan.wav.png,1
boxed_nn06b_20180612_000000.wav_segment_2178_nan.wav.png,1
boxed_nn06b_20180612_000000.wav_segment_2179_nan.wav.png,1
boxed_nn06b_20180612_000000.wav_segment_2180_nan.wav.png,1
boxed_nn06b_20180612_000000.wav_segment_2181_nan.wav.png,1
boxed_nn06b_20180612_000000.wav_segment_2182_marginal.wav.png,1
boxed_nn06b_20180612_000000.wav_segment_2183_nan.wav.png,1
boxed_nn06b_20180612_000000.wav_segment_2184_marginal.wav.png,1
boxed_nn06b_20180612_000000.wav_segment_2185_marginal.wav.png,1
boxed_nn06b_20180612_000000.wav_segment_2186_marginal.wav.png,1
boxed_nn06b_20180612_000000.wav_segment_2187_nan.wav.png,1
boxed_nn06b_20180612_000000.wav_segment_2189_marginal.wav.png,1
boxed_nn06b_20180612_000000.wav_segment_2190_marginal.wav.png,1
boxed_nn06b_20180612_000000.wav_segment_2191_nan.wav.png,1
boxed_nn06b_20180612_000000.wav_segment_2192_marginal.wav.png,1
boxed_nn06b_20180612_000000.wav_segment_2193_marginal.wav.png,1
boxed_nn06b_20180612_000000.wav_segment_2194_nan.wav.png,1
boxed_nn06b_20180612_000000.wav_segment_2195_nan.wav.png,1
boxed_nn06b_20180612_000000.wav_segment_2196_nan.wav.png,1
boxed_nn06b_20180612_000000.wav_segment_2197_marginal.wav.png,1
boxed_nn06b_20180827_000000.wav_segment_461_nan.wav.png,1
boxed_nn06b_20180827_000000.wav_segment_462_nan.wav.png,1
boxed_nn06b_20180827_000000.wav_segment_463_maginal.wav.png,1
boxed_nn06b_20180827_000000.wav_segment_464_maginal.wav.png,1
boxed_nn06b_20180827_000000.wav_segment_465_nan.wav.png,1
boxed_nn06b_20180827_000000.wav_segment_466_nan.wav.png,1
boxed_nn06b_20180827_000000.wav_segment_467_maginal.wav.png,1
boxed_nn06b_20180827_000000.wav_segment_468_maginal.wav.png,1
boxed_nn06b_20180827_000000.wav_segment_469_maginal.wav.png,1
boxed_nn06b_20180827_000000.wav_segment_470_nan.wav.png,1
boxed_nn06b_20180827_000000.wav_segment_471_maginal.wav.png,1
boxed_nn06b_20180827_000000.wav_segment_472_maginal.wav.png,1
boxed_nn06b_20180827_000000.wav_segment_473_nan.wav.png,1
boxed_nn06b_20180827_000000.wav_segment_474_nan.wav.png,1
boxed_nn06b_20180827_000000.wav_segment_475_nan.wav.png,1
boxed_nn06b_20180827_000000.wav_segment_476_maginal.wav.png,1
boxed_nn06b_20180827_000000.wav_segment_477_nan.wav.png,1
boxed_nn06b_20180827_000000.wav_segment_478_nan.wav.png,1
boxed_nn06b_20180827_000000.wav_segment_479_nan.wav.png,1
boxed_nn06b_20180827_000000.wav_segment_480_nan.wav.png,1
boxed_nn06b_20180827_000000.wav_segment_481_nan.wav.png,1
boxed_nn06b_20180827_000000.wav_segment_482_nan.wav.png,1
boxed_nn06b_20180827_000000.wav_segment_483_maginal.wav.png,1
boxed_nn06b_20180827_000000.wav_segment_484_maginal.wav.png,1
boxed_nn06b_20180827_000000.wav_segment_485_maginal.wav.png,1
boxed_nn06b_20180827_000000.wav_segment_486_nan.wav.png,1
boxed_nn06b_20180827_000000.wav_segment_487_maginal.wav.png,1
boxed_nn06b_20180827_000000.wav_segment_488_maginal.wav.png,1
boxed_nn06b_20180827_000000.wav_segment_489_maginal.wav.png,1
boxed_nn06b_20180902_000000.wav_segment_490_nan.wav.png,1
boxed_nn06b_20180902_000000.wav_segment_491_nan.wav.png,1
boxed_nn06b_20180902_000000.wav_segment_492_nan.wav.png,1
boxed_nn06b_20180902_000000.wav_segment_493_nan.wav.png,1
boxed_nn06b_20180902_000000.wav_segment_494_maginal.wav.png,1
boxed_nn06b_20180902_000000.wav_segment_495_nan.wav.png,1
boxed_nn06b_20180902_000000.wav_segment_496_nan.wav.png,1
boxed_nn06b_20180902_000000.wav_segment_497_nan.wav.png,1
boxed_nn06b_20180902_000000.wav_segment_498_maginal.wav.png,1
boxed_nn06b_20180902_000000.wav_segment_499_nan.wav.png,1
boxed_nn06b_20180902_000000.wav_segment_500_maginal.wav.png,1
boxed_nn06b_20180902_000000.wav_segment_501_nan.wav.png,1
boxed_nn06b_20180902_000000.wav_segment_503_maginal.wav.png,1
boxed_nn06b_20180902_000000.wav_segment_504_nan.wav.png,1
boxed_nn06b_20180902_000000.wav_segment_505_nan.wav.png,1
boxed_nn06b_20180902_000000.wav_segment_506_nan.wav.png,1
boxed_nn06b_20180902_000000.wav_segment_507_maginal.wav.png,1
boxed_nn06b_20180902_000000.wav_segment_508_nan.wav.png,1
boxed_nn06b_20180902_000000.wav_segment_509_nan.wav.png,1
boxed_nn06b_20180902_000000.wav_segment_510_maginal.wav.png,1
boxed_nn06b_20180902_000000.wav_segment_511_nan.wav.png,1
boxed_nn06b_20180902_000000.wav_segment_512_nan.wav.png,1
boxed_nn06b_20180902_000000.wav_segment_513_maginal.wav.png,1
boxed_nn06b_20180902_000000.wav_segment_514_maginal.wav.png,1
boxed_nn06b_20180902_000000.wav_segment_515_maginal.wav.png,1
boxed_nn06b_20180902_000000.wav_segment_516_nan.wav.png,1
boxed_nn06b_20180902_000000.wav_segment_517_nan.wav.png,1
boxed_nn06b_20180902_000000.wav_segment_518_nan.wav.png,1
boxed_nn06b_20180902_000000.wav_segment_519_nan.wav.png,1
boxed_nn06b_20180902_000000.wav_segment_520_nan.wav.png,1
boxed_nn06b_20180902_000000.wav_segment_521_maginal.wav.png,1
boxed_nn06b_20180902_000000.wav_segment_522_nan.wav.png,1
boxed_nn06b_20180902_000000.wav_segment_523_nan.wav.png,1
boxed_nn06b_20180902_000000.wav_segment_524_nan.wav.png,1
boxed_nn06b_20180902_000000.wav_segment_525_nan.wav.png,1
boxed_nn06b_20180902_000000.wav_segment_526_nan.wav.png,1
boxed_nn06b_20180902_000000.wav_segment_527_nan.wav.png,1
boxed_nn06b_20180902_000000.wav_segment_528_nan.wav.png,1
boxed_nn06b_20180906_000000.wav_segment_2198_nan.wav.png,1
boxed_nn06b_20180906_000000.wav_segment_2199_nan.wav.png,1
boxed_nn06b_20180906_000000.wav_segment_2200_nan.wav.png,1
boxed_nn06b_20180906_000000.wav_segment_2201_nan.wav.png,1
boxed_nn06b_20180906_000000.wav_segment_2202_nan.wav.png,1
boxed_nn06b_20180906_000000.wav_segment_2203_nan.wav.png,1
boxed_nn06b_20180906_000000.wav_segment_2204_nan.wav.png,1
boxed_nn06b_20180906_000000.wav_segment_2205_nan.wav.png,1
boxed_nn06b_20180906_000000.wav_segment_2206_nan.wav.png,1
boxed_nn06b_20180906_000000.wav_segment_2207_nan.wav.png,1
boxed_nn06b_20180906_000000.wav_segment_2208_marginal.wav.png,1
boxed_nn06b_20180906_000000.wav_segment_2209_nan.wav.png,1
boxed_nn06b_20180906_000000.wav_segment_2210_nan.wav.png,1
boxed_nn06b_20180906_000000.wav_segment_2211_marginal.wav.png,1
boxed_nn06b_20180906_000000.wav_segment_2212_nan.wav.png,1
boxed_nn06b_20180906_000000.wav_segment_2213_nan.wav.png,1
boxed_nn06b_20180906_000000.wav_segment_2215_nan.wav.png,1
boxed_nn06b_20180906_000000.wav_segment_2216_nan.wav.png,1
boxed_nn06b_20180906_000000.wav_segment_2217_nan.wav.png,1
boxed_nn06b_20180906_000000.wav_segment_2218_nan.wav.png,1
boxed_nn06b_20180906_000000.wav_segment_2219_marginal.wav.png,1
boxed_nn06b_20180906_000000.wav_segment_2220_nan.wav.png,1
boxed_nn06b_20180906_000000.wav_segment_2221_nan.wav.png,1
boxed_nn06b_20180906_000000.wav_segment_2222_nan.wav.png,1
boxed_nn06b_20180906_000000.wav_segment_2223_marginal.wav.png,1
boxed_nn06b_20180906_000000.wav_segment_2224_nan.wav.png,1
boxed_nn06b_20180906_000000.wav_segment_2225_nan.wav.png,1
boxed_nn06b_20180906_000000.wav_segment_2226_nan.wav.png,1
boxed_nn06b_20180906_000000.wav_segment_2227_nan.wav.png,1
boxed_nn06b_20180906_000000.wav_segment_2228_nan.wav.png,1
boxed_nn06b_20180906_000000.wav_segment_2229_nan.wav.png,1
boxed_nn06b_20180906_000000.wav_segment_2230_nan.wav.png,1
boxed_nn06b_20180906_000000.wav_segment_2231_nan.wav.png,1
boxed_nn06b_20180906_000000.wav_segment_2232_nan.wav.png,1
boxed_nn06b_20180906_000000.wav_segment_2233_nan.wav.png,1
boxed_nn06b_20180906_000000.wav_segment_2234_nan.wav.png,1
boxed_nn06b_20180906_000000.wav_segment_2235_nan.wav.png,1
boxed_nn06b_20180906_000000.wav_segment_2236_nan.wav.png,1
boxed_nn06b_20180906_000000.wav_segment_2237_nan.wav.png,1
boxed_nn06b_20180906_000000.wav_segment_2238_marginal.wav.png,1
boxed_nn06b_20180906_000000.wav_segment_2239_nan.wav.png,1
boxed_nn06b_20180906_000000.wav_segment_2240_nan.wav.png,1
boxed_nn06b_20180906_000000.wav_segment_2241_nan.wav.png,1
boxed_nn06b_20180906_000000.wav_segment_2242_marginal.wav.png,1
boxed_nn06b_20180906_000000.wav_segment_2243_nan.wav.png,1
boxed_nn06b_20180906_000000.wav_segment_2244_nan.wav.png,1
boxed_nn06b_20180906_000000.wav_segment_2245_marginal.wav.png,1
boxed_nn06b_20180906_000000.wav_segment_2246_nan.wav.png,1
boxed_nn06b_20180906_000000.wav_segment_2247_nan.wav.png,1
boxed_nn06b_20180906_000000.wav_segment_2248_nan.wav.png,1
boxed_nn06b_20180906_000000.wav_segment_2249_marginal.wav.png,1
boxed_nn06b_20180906_000000.wav_segment_2250_nan.wav.png,1
boxed_nn06b_20180906_000000.wav_segment_2251_marginal.wav.png,1
boxed_nn06b_20180911_000000.wav_segment_2252_marginal.wav.png,1
boxed_nn06b_20180911_000000.wav_segment_2253_marginal.wav.png,1
boxed_nn06b_20180911_000000.wav_segment_2254_marginal.wav.png,1
boxed_nn06b_20180911_000000.wav_segment_2255_marginal.wav.png,1
boxed_nn06b_20180911_000000.wav_segment_2256_marginal.wav.png,1
boxed_nn06b_20180911_000000.wav_segment_2257_marginal.wav.png,1
boxed_nn06b_20180911_000000.wav_segment_2259_nan.wav.png,1
boxed_nn06b_20180911_000000.wav_segment_2262_nan.wav.png,1
boxed_nn06b_20180911_000000.wav_segment_2263_marginal.wav.png,1
boxed_nn06b_20180911_000000.wav_segment_2264_nan.wav.png,1
boxed_nn06b_20180911_000000.wav_segment_2265_marginal.wav.png,1
boxed_nn06b_20180911_000000.wav_segment_2267_nan.wav.png,1
boxed_nn06b_20180911_000000.wav_segment_2268_marginal.wav.png,1
boxed_nn06b_20180911_000000.wav_segment_2271_nan.wav.png,1
boxed_nn06b_20180911_000000.wav_segment_2272_marginal.wav.png,1
boxed_nn06b_20180911_000000.wav_segment_2273_nan.wav.png,1
boxed_nn06b_20180911_000000.wav_segment_2274_marginal.wav.png,1
boxed_nn06b_20180911_000000.wav_segment_2275_marginal.wav.png,1
boxed_nn06b_20180911_000000.wav_segment_2276_marginal.wav.png,1
boxed_nn06b_20180911_000000.wav_segment_2277_marginal.wav.png,1
boxed_nn06b_20180911_000000.wav_segment_2278_marginal.wav.png,1
boxed_nn06b_20180911_000000.wav_segment_2279_nan.wav.png,1
boxed_nn06b_20181006_000000.wav_segment_2280_marginal.wav.png,1
boxed_nn06b_20181121_000000.wav_segment_2281_marginal.wav.png,1
boxed_nn06b_20181121_000000.wav_segment_2282_nan.wav.png,1
boxed_nn06b_20181121_000000.wav_segment_2283_nan.wav.png,1
boxed_nn06b_20181121_000000.wav_segment_2284_nan.wav.png,1
boxed_nn06b_20181121_000000.wav_segment_2285_nan.wav.png,1
boxed_nn06b_20181121_000000.wav_segment_2286_nan.wav.png,1
boxed_nn06b_20181121_000000.wav_segment_2287_marginal.wav.png,1
boxed_nn06b_20181121_000000.wav_segment_2288_marginal.wav.png,1
boxed_nn06b_20181121_000000.wav_segment_2289_marginal.wav.png,1
boxed_nn06b_20181121_000000.wav_segment_2290_marginal.wav.png,1
boxed_nn06b_20181121_000000.wav_segment_2291_nan.wav.png,1
boxed_nn06b_20181121_000000.wav_segment_2292_nan.wav.png,1
boxed_nn06b_20181121_000000.wav_segment_2293_nan.wav.png,1
boxed_nn06b_20181121_000000.wav_segment_2294_nan.wav.png,1
boxed_nn06b_20181121_000000.wav_segment_2295_nan.wav.png,1
boxed_nn06b_20181121_000000.wav_segment_2296_marginal.wav.png,1
boxed_nn06b_20181121_000000.wav_segment_2298_nan.wav.png,1
boxed_nn06b_20181121_000000.wav_segment_2301_marginal.wav.png,1
boxed_nn06b_20181121_000000.wav_segment_2302_marginal.wav.png,1
boxed_nn06b_20181121_000000.wav_segment_2303_nan.wav.png,1
boxed_nn06b_20181121_000000.wav_segment_2304_marginal.wav.png,1
boxed_nn06b_20181121_000000.wav_segment_2305_nan.wav.png,1
boxed_nn06b_20181121_000000.wav_segment_2306_nan.wav.png,1
boxed_nn06b_20181121_000000.wav_segment_2307_nan.wav.png,1
boxed_nn06b_20181121_000000.wav_segment_2308_marginal.wav.png,1
boxed_nn06b_20181121_000000.wav_segment_2309_nan.wav.png,1
boxed_nn06b_20181121_000000.wav_segment_2310_nan.wav.png,1
boxed_nn06b_20181121_000000.wav_segment_2311_nan.wav.png,1
boxed_nn06b_20181121_000000.wav_segment_2312_marginal.wav.png,1
boxed_nn06b_20181121_000000.wav_segment_2313_nan.wav.png,1
boxed_nn06b_20181121_000000.wav_segment_2314_nan.wav.png,1
boxed_nn06b_20181121_000000.wav_segment_2315_marginal.wav.png,1
boxed_nn06b_20181121_000000.wav_segment_2316_nan.wav.png,1
boxed_nn06b_20181121_000000.wav_segment_2317_nan.wav.png,1
boxed_nn06b_20181121_000000.wav_segment_2318_marginal.wav.png,1
boxed_nn06b_20181121_000000.wav_segment_2319_nan.wav.png,1
boxed_nn06b_20181121_000000.wav_segment_2320_marginal.wav.png,1
boxed_nn06b_20181121_000000.wav_segment_2321_nan.wav.png,1
boxed_nn06b_20181204_000000.wav_segment_529_nan.wav.png,1
boxed_nn06b_20181204_000000.wav_segment_530_nan.wav.png,1
boxed_nn06b_20181204_000000.wav_segment_531_nan.wav.png,1
boxed_nn06b_20181204_000000.wav_segment_532_nan.wav.png,1
boxed_nn06b_20181204_000000.wav_segment_534_nan.wav.png,1
boxed_nn06b_20181204_000000.wav_segment_536_nan.wav.png,1
boxed_nn06b_20181204_000000.wav_segment_537_nan.wav.png,1
boxed_nn06b_20181204_000000.wav_segment_538_maginal.wav.png,1
boxed_nn06b_20181204_000000.wav_segment_539_nan.wav.png,1
boxed_nn06b_20181204_000000.wav_segment_540_nan.wav.png,1
boxed_nn06b_20181204_000000.wav_segment_541_nan.wav.png,1
boxed_nn06b_20181204_000000.wav_segment_542_nan.wav.png,1
boxed_nn06b_20181204_000000.wav_segment_543_maginal.wav.png,1
boxed_nn06b_20181204_000000.wav_segment_544_nan.wav.png,1
boxed_nn06b_20181204_000000.wav_segment_545_nan.wav.png,1
boxed_nn06b_20190119_000000.wav_segment_2322_marginal.wav.png,1
boxed_nn06b_20190119_000000.wav_segment_2323_marginal.wav.png,1
boxed_nn06b_20190119_000000.wav_segment_2324_marginal.wav.png,1
boxed_nn06b_20190119_000000.wav_segment_2325_nan.wav.png,1
boxed_nn06b_20190119_000000.wav_segment_2326_nan.wav.png,1
boxed_nn06b_20190119_000000.wav_segment_2327_nan.wav.png,1
boxed_nn06b_20190119_000000.wav_segment_2328_nan.wav.png,1
boxed_nn06b_20190119_000000.wav_segment_2329_nan.wav.png,1
boxed_nn06b_20190119_000000.wav_segment_2330_marginal.wav.png,1
boxed_nn06b_20190119_000000.wav_segment_2331_nan.wav.png,1
boxed_nn06b_20190119_000000.wav_segment_2332_marginal.wav.png,1
boxed_nn06b_20190119_000000.wav_segment_2333_nan.wav.png,1
boxed_nn06b_20190206_000000.wav_segment_2334_marginal.wav.png,1
boxed_nn06b_20190206_000000.wav_segment_2335_marginal.wav.png,1
boxed_nn06b_20190206_000000.wav_segment_2337_nan.wav.png,1
boxed_nn06b_20190206_000000.wav_segment_2341_marginal.wav.png,1
boxed_nn06b_20190206_000000.wav_segment_2342_marginal.wav.png,1
boxed_nn06b_20190206_000000.wav_segment_2343_nan.wav.png,1
boxed_nn06b_20190206_000000.wav_segment_2344_nan.wav.png,1
boxed_nn06b_20190206_000000.wav_segment_2345_nan.wav.png,1
boxed_nn06b_20190206_000000.wav_segment_2346_nan.wav.png,1
boxed_nn06b_20190206_000000.wav_segment_2347_nan.wav.png,1
boxed_nn06b_20190206_000000.wav_segment_2348_nan.wav.png,1
boxed_nn06b_20190206_000000.wav_segment_2349_marginal.wav.png,1
boxed_nn06b_20190206_000000.wav_segment_2350_nan.wav.png,1
boxed_nn06b_20190206_000000.wav_segment_2351_nan.wav.png,1
boxed_nn06b_20190206_000000.wav_segment_2353_nan.wav.png,1
boxed_nn06b_20190206_000000.wav_segment_2355_nan.wav.png,1
boxed_nn06b_20190206_000000.wav_segment_2356_nan.wav.png,1
boxed_nn06b_20190206_000000.wav_segment_2357_nan.wav.png,1
boxed_nn06b_20190206_000000.wav_segment_2359_nan.wav.png,1
boxed_nn06b_20190206_000000.wav_segment_2360_nan.wav.png,1
boxed_nn06b_20190206_000000.wav_segment_2361_nan.wav.png,1
boxed_nn06b_20190206_000000.wav_segment_2362_nan.wav.png,1
boxed_nn06b_20190206_000000.wav_segment_2363_nan.wav.png,1
boxed_nn06b_20190206_000000.wav_segment_2364_nan.wav.png,1
boxed_nn06b_20190206_000000.wav_segment_2365_nan.wav.png,1
boxed_nn06b_20190206_000000.wav_segment_2366_marginal.wav.png,1
boxed_nn06c_20180528_000000.wav_segment_2368_nan.wav.png,1
boxed_nn06c_20180528_000000.wav_segment_2369_nan.wav.png,1
boxed_nn06c_20180528_000000.wav_segment_2370_nan.wav.png,1
boxed_nn06c_20180528_000000.wav_segment_2371_nan.wav.png,1
boxed_nn06c_20180528_000000.wav_segment_2372_nan.wav.png,1
boxed_nn06c_20180528_000000.wav_segment_2373_nan.wav.png,1
boxed_nn06c_20180528_000000.wav_segment_2374_nan.wav.png,1
boxed_nn06c_20180528_000000.wav_segment_2375_nan.wav.png,1
boxed_nn06c_20180528_000000.wav_segment_2376_nan.wav.png,1
boxed_nn06c_20180528_000000.wav_segment_2377_nan.wav.png,1
boxed_nn06c_20180528_000000.wav_segment_2378_nan.wav.png,1
boxed_nn06c_20180528_000000.wav_segment_2379_marginal.wav.png,1
boxed_nn06c_20180528_000000.wav_segment_2380_nan.wav.png,1
boxed_nn06c_20180528_000000.wav_segment_2381_marginal.wav.png,1
boxed_nn06c_20180528_000000.wav_segment_2382_nan.wav.png,1
boxed_nn06c_20180528_000000.wav_segment_2383_nan.wav.png,1
boxed_nn06c_20180528_000000.wav_segment_2385_marginal.wav.png,1
boxed_nn06c_20180528_000000.wav_segment_2386_nan.wav.png,1
boxed_nn06c_20180528_000000.wav_segment_2387_marginal.wav.png,1
boxed_nn06c_20180528_000000.wav_segment_2388_nan.wav.png,1
boxed_nn06c_20180528_000000.wav_segment_2389_nan.wav.png,1
boxed_nn06c_20180528_000000.wav_segment_2390_nan.wav.png,1
boxed_nn06c_20180528_000000.wav_segment_2391_nan.wav.png,1
boxed_nn06c_20180528_000000.wav_segment_2392_marginal.wav.png,1
boxed_nn06c_20180528_000000.wav_segment_2393_marginal.wav.png,1
boxed_nn06c_20180528_000000.wav_segment_2394_nan.wav.png,1
boxed_nn06c_20180528_000000.wav_segment_2395_nan.wav.png,1
boxed_nn06c_20180528_000000.wav_segment_2396_nan.wav.png,1
boxed_nn06c_20180528_000000.wav_segment_2397_nan.wav.png,1
boxed_nn06c_20180528_000000.wav_segment_2398_nan.wav.png,1
boxed_nn06c_20180528_000000.wav_segment_2399_nan.wav.png,1
boxed_nn06c_20180528_000000.wav_segment_2400_marginal.wav.png,1
boxed_nn06c_20180528_000000.wav_segment_2401_marginal.wav.png,1
boxed_nn06c_20180528_000000.wav_segment_2402_marginal.wav.png,1
boxed_nn06c_20180730_000000.wav_segment_2404_marginal.wav.png,1
boxed_nn06c_20180730_000000.wav_segment_2405_marginal.wav.png,1
boxed_nn06c_20180730_000000.wav_segment_2406_marginal.wav.png,1
boxed_nn06c_20180730_000000.wav_segment_2407_nan.wav.png,1
boxed_nn06c_20180730_000000.wav_segment_2408_nan.wav.png,1
boxed_nn06c_20180730_000000.wav_segment_2409_nan.wav.png,1
boxed_nn06c_20180730_000000.wav_segment_2410_nan.wav.png,1
boxed_nn06c_20180730_000000.wav_segment_2411_nan.wav.png,1
boxed_nn06c_20180730_000000.wav_segment_2412_nan.wav.png,1
boxed_nn06c_20180730_000000.wav_segment_2413_marginal.wav.png,1
boxed_nn06c_20180730_000000.wav_segment_2414_nan.wav.png,1
boxed_nn06c_20180730_000000.wav_segment_2415_nan.wav.png,1
boxed_nn06c_20180730_000000.wav_segment_2416_nan.wav.png,1
boxed_nn06c_20180730_000000.wav_segment_2417_nan.wav.png,1
boxed_nn06c_20180730_000000.wav_segment_2418_nan.wav.png,1
boxed_nn06c_20180730_000000.wav_segment_2419_nan.wav.png,1
boxed_nn06c_20180730_000000.wav_segment_2420_nan.wav.png,1
boxed_nn06c_20180730_000000.wav_segment_2421_nan.wav.png,1
boxed_nn06c_20180730_000000.wav_segment_2422_nan.wav.png,1
boxed_nn06c_20180730_000000.wav_segment_2423_nan.wav.png,1
boxed_nn06c_20180730_000000.wav_segment_2424_marginal.wav.png,1
boxed_nn06c_20180730_000000.wav_segment_2425_marginal.wav.png,1
boxed_nn06c_20180730_000000.wav_segment_2426_nan.wav.png,1
boxed_nn06c_20180730_000000.wav_segment_2427_nan.wav.png,1
boxed_nn06c_20180730_000000.wav_segment_2428_marginal.wav.png,1
boxed_nn06c_20180730_000000.wav_segment_2429_nan.wav.png,1
boxed_nn06d_20180311_000000.wav_segment_2430_nan.wav.png,1
boxed_nn06d_20180829_000000.wav_segment_546_nan.wav.png,1
boxed_nn06d_20180829_000000.wav_segment_547_nan.wav.png,1
boxed_nn06d_20180829_000000.wav_segment_548_nan.wav.png,1
boxed_nn06d_20180829_000000.wav_segment_549_nan.wav.png,1
boxed_nn06d_20180829_000000.wav_segment_550_nan.wav.png,1
boxed_nn06d_20180829_000000.wav_segment_551_maginal.wav.png,1
boxed_nn06d_20180829_000000.wav_segment_552_nan.wav.png,1
boxed_nn06d_20180829_000000.wav_segment_553_nan.wav.png,1
boxed_nn06d_20180829_000000.wav_segment_554_maginal.wav.png,1
boxed_nn06d_20180829_000000.wav_segment_555_nan.wav.png,1
boxed_nn06d_20180829_000000.wav_segment_556_nan.wav.png,1
boxed_nn06d_20180829_000000.wav_segment_557_nan.wav.png,1
boxed_nn06d_20180829_000000.wav_segment_558_nan.wav.png,1
boxed_nn06d_20180829_000000.wav_segment_559_nan.wav.png,1
boxed_nn06d_20180829_000000.wav_segment_560_nan.wav.png,1
boxed_nn06e_20180512_000000.wav_segment_2431_nan.wav.png,1
boxed_nn06e_20180512_000000.wav_segment_2432_nan.wav.png,1
boxed_nn06e_20180512_000000.wav_segment_2433_marginal.wav.png,1
boxed_nn06e_20180512_000000.wav_segment_2434_nan.wav.png,1
boxed_nn06e_20180820_000000.wav_segment_561_maginal.wav.png,1
boxed_nn06e_20180820_000000.wav_segment_562_maginal.wav.png,1
boxed_nn06e_20180820_000000.wav_segment_563_maginal.wav.png,1
boxed_nn06e_20180820_000000.wav_segment_564_nan.wav.png,1
boxed_nn06e_20180820_000000.wav_segment_565_maginal.wav.png,1
boxed_nn06e_20180820_000000.wav_segment_566_nan.wav.png,1
boxed_nn06e_20180820_000000.wav_segment_567_maginal.wav.png,1
boxed_nn06e_20180820_000000.wav_segment_568_nan.wav.png,1
boxed_nn06e_20180820_000000.wav_segment_569_maginal.wav.png,1
boxed_nn06e_20180820_000000.wav_segment_570_nan.wav.png,1
boxed_nn06e_20180820_000000.wav_segment_571_nan.wav.png,1
boxed_nn06e_20180820_000000.wav_segment_572_nan.wav.png,1
boxed_nn06e_20180820_000000.wav_segment_573_nan.wav.png,1
boxed_nn06e_20180820_000000.wav_segment_574_nan.wav.png,1
boxed_nn06e_20180820_000000.wav_segment_575_nan.wav.png,1
boxed_nn06e_20180820_000000.wav_segment_576_nan.wav.png,1
boxed_nn06e_20180820_000000.wav_segment_577_nan.wav.png,1
boxed_nn06e_20180820_000000.wav_segment_578_nan.wav.png,1
boxed_nn06e_20180820_000000.wav_segment_580_nan.wav.png,1
boxed_nn06e_20180820_000000.wav_segment_581_nan.wav.png,1
boxed_nn06e_20180820_000000.wav_segment_582_nan.wav.png,1
boxed_nn06e_20180820_000000.wav_segment_583_maginal.wav.png,1
boxed_nn06e_20181115_000000.wav_segment_2435_nan.wav.png,1
boxed_nn06e_20181115_000000.wav_segment_2436_nan.wav.png,1
boxed_nn06e_20181115_000000.wav_segment_2437_marginal.wav.png,1
boxed_nn06e_20181115_000000.wav_segment_2438_nan.wav.png,1
boxed_nn06e_20181115_000000.wav_segment_2439_marginal.wav.png,1
boxed_nn06e_20181115_000000.wav_segment_2440_marginal.wav.png,1
boxed_nn06e_20181115_000000.wav_segment_2441_marginal.wav.png,1
boxed_nn06f_20180806_000000.wav_segment_2443_nan.wav.png,1
boxed_nn06f_20180806_000000.wav_segment_2445_nan.wav.png,1
boxed_nn06f_20180806_000000.wav_segment_2446_nan.wav.png,1
boxed_nn06f_20180806_000000.wav_segment_2447_nan.wav.png,1
boxed_nn06f_20180806_000000.wav_segment_2448_marginal.wav.png,1
boxed_nn06f_20180806_000000.wav_segment_2450_nan.wav.png,1
boxed_nn06f_20180806_000000.wav_segment_2451_nan.wav.png,1
boxed_nn06f_20180806_000000.wav_segment_2452_nan.wav.png,1
boxed_nn06f_20180806_000000.wav_segment_2453_nan.wav.png,1
boxed_nn06f_20180806_000000.wav_segment_2454_nan.wav.png,1
boxed_nn06f_20180806_000000.wav_segment_2455_nan.wav.png,1
boxed_nn07a_20190614_000000.wav_segment_584_maginal.wav.png,1
boxed_nn07a_20190614_000000.wav_segment_585_maginal.wav.png,1
boxed_nn07a_20190614_000000.wav_segment_586_nan.wav.png,1
boxed_nn07a_20190614_000000.wav_segment_587_nan.wav.png,1
boxed_nn07a_20190614_000000.wav_segment_588_nan.wav.png,1
boxed_nn07a_20190614_000000.wav_segment_589_nan.wav.png,1
boxed_nn07a_20190614_000000.wav_segment_590_nan.wav.png,1
boxed_nn07a_20190614_000000.wav_segment_591_nan.wav.png,1
boxed_nn07a_20190614_000000.wav_segment_592_nan.wav.png,1
boxed_nn07a_20190614_000000.wav_segment_593_nan.wav.png,1
boxed_nn07a_20190614_000000.wav_segment_594_nan.wav.png,1
boxed_nn07a_20190614_000000.wav_segment_595_nan.wav.png,1
boxed_nn07a_20190614_000000.wav_segment_596_nan.wav.png,1
boxed_nn07a_20190614_000000.wav_segment_597_nan.wav.png,1
boxed_nn07a_20190614_000000.wav_segment_598_nan.wav.png,1
boxed_nn07b_20180828_000000.wav_segment_2456_marginal.wav.png,1
boxed_nn07b_20180828_000000.wav_segment_2457_nan.wav.png,1
boxed_nn07b_20180828_000000.wav_segment_2458_nan.wav.png,1
boxed_nn07b_20180828_000000.wav_segment_2459_nan.wav.png,1
boxed_nn07b_20180828_000000.wav_segment_2460_nan.wav.png,1
boxed_nn07b_20180828_000000.wav_segment_2461_nan.wav.png,1
boxed_nn07b_20180828_000000.wav_segment_2462_marginal.wav.png,1
boxed_nn07b_20180828_000000.wav_segment_2463_nan.wav.png,1
boxed_nn07b_20180828_000000.wav_segment_2464_marginal.wav.png,1
boxed_nn07b_20180828_000000.wav_segment_2465_marginal.wav.png,1
boxed_nn07b_20180828_000000.wav_segment_2466_marginal.wav.png,1
boxed_nn07b_20180828_000000.wav_segment_2467_nan.wav.png,1
boxed_nn07b_20180828_000000.wav_segment_2468_nan.wav.png,1
boxed_nn07b_20180828_000000.wav_segment_2469_nan.wav.png,1
boxed_nn07b_20180828_000000.wav_segment_2470_nan.wav.png,1
boxed_nn07b_20180828_000000.wav_segment_2471_nan.wav.png,1
boxed_nn07b_20180828_000000.wav_segment_2472_marginal.wav.png,1
boxed_nn07b_20180923_000000.wav_segment_2473_nan.wav.png,1
boxed_nn07b_20180923_000000.wav_segment_2474_marginal.wav.png,1
boxed_nn07b_20180923_000000.wav_segment_2475_nan.wav.png,1
boxed_nn07b_20180923_000000.wav_segment_2476_nan.wav.png,1
boxed_nn07b_20180923_000000.wav_segment_2477_nan.wav.png,1
boxed_nn07b_20180923_000000.wav_segment_2478_nan.wav.png,1
boxed_nn07b_20180923_000000.wav_segment_2479_marginal.wav.png,1
boxed_nn07b_20180923_000000.wav_segment_2480_nan.wav.png,1
boxed_nn07b_20180923_000000.wav_segment_2481_nan.wav.png,1
boxed_nn07b_20180923_000000.wav_segment_2482_marginal.wav.png,1
boxed_nn07b_20180923_000000.wav_segment_2483_nan.wav.png,1
boxed_nn07b_20180923_000000.wav_segment_2484_nan.wav.png,1
boxed_nn07b_20180923_000000.wav_segment_2485_marginal.wav.png,1
boxed_nn07b_20180923_000000.wav_segment_2486_nan.wav.png,1
boxed_nn07b_20180923_000000.wav_segment_2487_nan.wav.png,1
boxed_nn07b_20180923_000000.wav_segment_2488_nan.wav.png,1
boxed_nn07b_20180923_000000.wav_segment_2489_nan.wav.png,1
boxed_nn07b_20180923_000000.wav_segment_2490_nan.wav.png,1
boxed_nn07b_20180923_000000.wav_segment_2491_nan.wav.png,1
boxed_nn07b_20180923_000000.wav_segment_2492_marginal.wav.png,1
boxed_nn07b_20180923_000000.wav_segment_2493_nan.wav.png,1
boxed_nn07b_20180923_000000.wav_segment_2494_marginal.wav.png,1
boxed_nn07b_20180923_000000.wav_segment_2495_nan.wav.png,1
boxed_nn07b_20180923_000000.wav_segment_2496_nan.wav.png,1
boxed_nn07b_20180923_000000.wav_segment_2497_nan.wav.png,1
boxed_nn07b_20180923_000000.wav_segment_2498_nan.wav.png,1
boxed_nn07b_20180923_000000.wav_segment_2499_marginal.wav.png,1
boxed_nn07b_20180923_000000.wav_segment_2500_marginal.wav.png,1
boxed_nn07b_20180923_000000.wav_segment_2501_nan.wav.png,1
boxed_nn07b_20180923_000000.wav_segment_2502_nan.wav.png,1
boxed_nn07b_20180923_000000.wav_segment_2503_marginal.wav.png,1
boxed_nn07b_20180923_000000.wav_segment_2505_marginal.wav.png,1
boxed_nn07b_20180923_000000.wav_segment_2506_nan.wav.png,1
boxed_nn07b_20180923_000000.wav_segment_2507_nan.wav.png,1
boxed_nn07c_20180603_000000.wav_segment_599_maginal.wav.png,1
boxed_nn07c_20180603_000000.wav_segment_602_nan.wav.png,1
boxed_nn07c_20180603_000000.wav_segment_603_nan.wav.png,1
boxed_nn07c_20180603_000000.wav_segment_604_nan.wav.png,1
boxed_nn07c_20180603_000000.wav_segment_605_nan.wav.png,1
boxed_nn07c_20180603_000000.wav_segment_606_nan.wav.png,1
boxed_nn07c_20180603_000000.wav_segment_608_nan.wav.png,1
boxed_nn07c_20180603_000000.wav_segment_609_nan.wav.png,1
boxed_nn07c_20180603_000000.wav_segment_610_nan.wav.png,1
boxed_nn07c_20180603_000000.wav_segment_611_nan.wav.png,1
boxed_nn07c_20180603_000000.wav_segment_612_nan.wav.png,1
boxed_nn07c_20180603_000000.wav_segment_614_nan.wav.png,1
boxed_nn07c_20180603_000000.wav_segment_615_nan.wav.png,1
boxed_nn07c_20180603_000000.wav_segment_616_nan.wav.png,1
boxed_nn07c_20180603_000000.wav_segment_617_nan.wav.png,1
boxed_nn07c_20180603_000000.wav_segment_618_nan.wav.png,1
boxed_nn07c_20180603_000000.wav_segment_619_nan.wav.png,1
boxed_nn07c_20180603_000000.wav_segment_620_nan.wav.png,1
boxed_nn07c_20180603_000000.wav_segment_621_maginal.wav.png,1
boxed_nn07c_20180603_000000.wav_segment_622_maginal.wav.png,1
boxed_nn07c_20180603_000000.wav_segment_623_nan.wav.png,1
boxed_nn07c_20180603_000000.wav_segment_624_maginal.wav.png,1
boxed_nn07c_20180603_000000.wav_segment_625_nan.wav.png,1
boxed_nn07c_20180603_000000.wav_segment_627_nan.wav.png,1
boxed_nn07c_20180603_000000.wav_segment_628_maginal.wav.png,1
boxed_nn07c_20180603_000000.wav_segment_629_maginal.wav.png,1
boxed_nn07c_20180603_000000.wav_segment_631_nan.wav.png,1
boxed_nn07c_20180603_000000.wav_segment_632_maginal.wav.png,1
boxed_nn07c_20180603_000000.wav_segment_633_maginal.wav.png,1
boxed_nn07c_20180603_000000.wav_segment_634_maginal.wav.png,1
boxed_nn07c_20180603_000000.wav_segment_636_nan.wav.png,1
boxed_nn07c_20180603_000000.wav_segment_638_nan.wav.png,1
boxed_nn07c_20180603_000000.wav_segment_639_nan.wav.png,1
boxed_nn07c_20180603_000000.wav_segment_640_nan.wav.png,1
boxed_nn07c_20180603_000000.wav_segment_641_nan.wav.png,1
boxed_nn07c_20180603_000000.wav_segment_642_maginal.wav.png,1
boxed_nn07c_20180603_000000.wav_segment_643_nan.wav.png,1
boxed_nn07c_20180603_000000.wav_segment_644_nan.wav.png,1
boxed_nn07c_20180603_000000.wav_segment_645_nan.wav.png,1
boxed_nn07c_20180603_000000.wav_segment_649_nan.wav.png,1
boxed_nn07c_20180603_000000.wav_segment_650_nan.wav.png,1
boxed_nn07c_20180603_000000.wav_segment_651_nan.wav.png,1
boxed_nn07c_20180603_000000.wav_segment_652_nan.wav.png,1
boxed_nn07c_20180603_000000.wav_segment_653_maginal.wav.png,1
boxed_nn07c_20180603_000000.wav_segment_654_nan.wav.png,1
boxed_nn07c_20180603_000000.wav_segment_655_maginal.wav.png,1
boxed_nn07c_20180603_000000.wav_segment_656_nan.wav.png,1
boxed_nn07c_20180603_000000.wav_segment_658_maginal.wav.png,1
boxed_nn07c_20180603_000000.wav_segment_659_maginal.wav.png,1
boxed_nn07c_20180603_000000.wav_segment_660_nan.wav.png,1
boxed_nn07c_20180603_000000.wav_segment_661_nan.wav.png,1
boxed_nn07c_20180603_000000.wav_segment_663_nan.wav.png,1
boxed_nn07c_20180603_000000.wav_segment_664_nan.wav.png,1
boxed_nn07c_20180603_000000.wav_segment_665_nan.wav.png,1
boxed_nn07c_20180603_000000.wav_segment_666_nan.wav.png,1
boxed_nn07c_20180603_000000.wav_segment_667_maginal.wav.png,1
boxed_nn07c_20180603_000000.wav_segment_668_nan.wav.png,1
boxed_nn07c_20180603_000000.wav_segment_670_nan.wav.png,1
boxed_nn07c_20180603_000000.wav_segment_672_nan.wav.png,1
boxed_nn07c_20180603_000000.wav_segment_673_maginal.wav.png,1
boxed_nn07c_20180619_000000.wav_segment_2509_nan.wav.png,1
boxed_nn07c_20180619_000000.wav_segment_2510_nan.wav.png,1
boxed_nn07c_20180619_000000.wav_segment_2511_nan.wav.png,1
boxed_nn07c_20180619_000000.wav_segment_2512_nan.wav.png,1
boxed_nn07c_20180619_000000.wav_segment_2513_nan.wav.png,1
boxed_nn07c_20180619_000000.wav_segment_2514_nan.wav.png,1
boxed_nn07c_20180619_000000.wav_segment_2515_nan.wav.png,1
boxed_nn07c_20180619_000000.wav_segment_2516_nan.wav.png,1
boxed_nn07c_20180619_000000.wav_segment_2517_nan.wav.png,1
boxed_nn07c_20180619_000000.wav_segment_2518_nan.wav.png,1
boxed_nn07c_20180619_000000.wav_segment_2519_nan.wav.png,1
boxed_nn07c_20180619_000000.wav_segment_2520_nan.wav.png,1
boxed_nn07c_20180619_000000.wav_segment_2521_nan.wav.png,1
boxed_nn07c_20180619_000000.wav_segment_2522_nan.wav.png,1
boxed_nn07c_20180619_000000.wav_segment_2523_nan.wav.png,1
boxed_nn07c_20180619_000000.wav_segment_2524_nan.wav.png,1
boxed_nn07c_20180619_000000.wav_segment_2525_nan.wav.png,1
boxed_nn07c_20180619_000000.wav_segment_2526_nan.wav.png,1
boxed_nn08a_20180829_000000.wav_segment_2527_nan.wav.png,1
boxed_nn08a_20180829_000000.wav_segment_2529_marginal.wav.png,1
boxed_nn08a_20180829_000000.wav_segment_2530_nan.wav.png,1
boxed_nn08a_20180829_000000.wav_segment_2532_nan.wav.png,1
boxed_nn08a_20180829_000000.wav_segment_2533_marginal.wav.png,1
boxed_nn08a_20180829_000000.wav_segment_2534_marginal.wav.png,1
boxed_nn08a_20181015_000000.wav_segment_2535_nan.wav.png,1
boxed_nn08a_20181015_000000.wav_segment_2536_marginal.wav.png,1
boxed_nn08a_20181015_000000.wav_segment_2537_marginal.wav.png,1
boxed_nn08a_20181015_000000.wav_segment_2538_nan.wav.png,1
boxed_nn08a_20181015_000000.wav_segment_2539_marginal.wav.png,1
boxed_nn08a_20181015_000000.wav_segment_2541_nan.wav.png,1
boxed_nn08a_20181015_000000.wav_segment_2542_nan.wav.png,1
boxed_nn08a_20181015_000000.wav_segment_2543_marginal.wav.png,1
boxed_nn08a_20181015_000000.wav_segment_2546_nan.wav.png,1
boxed_nn08a_20181015_000000.wav_segment_2547_nan.wav.png,1
boxed_nn08b_20180722_000000.wav_segment_674_maginal.wav.png,1
boxed_nn08b_20180722_000000.wav_segment_675_maginal.wav.png,1
boxed_nn08b_20180722_000000.wav_segment_676_nan.wav.png,1
boxed_nn08b_20180722_000000.wav_segment_677_maginal.wav.png,1
boxed_nn08b_20180722_000000.wav_segment_678_nan.wav.png,1
boxed_nn08b_20180722_000000.wav_segment_679_maginal.wav.png,1
boxed_nn08b_20180722_000000.wav_segment_680_nan.wav.png,1
boxed_nn08b_20180722_000000.wav_segment_681_nan.wav.png,1
boxed_nn08b_20180722_000000.wav_segment_682_maginal.wav.png,1
boxed_nn08b_20180722_000000.wav_segment_683_maginal.wav.png,1
boxed_nn08b_20180722_000000.wav_segment_684_maginal.wav.png,1
boxed_nn08b_20180722_000000.wav_segment_685_maginal.wav.png,1
boxed_nn08b_20180722_000000.wav_segment_686_maginal.wav.png,1
boxed_nn08b_20180722_000000.wav_segment_687_nan.wav.png,1
boxed_nn08b_20180722_000000.wav_segment_688_maginal.wav.png,1
boxed_nn08b_20180722_000000.wav_segment_689_maginal.wav.png,1
boxed_nn08b_20180722_000000.wav_segment_690_nan.wav.png,1
boxed_nn08b_20180722_000000.wav_segment_691_nan.wav.png,1
boxed_nn08b_20180722_000000.wav_segment_692_nan.wav.png,1
boxed_nn08b_20180722_000000.wav_segment_693_nan.wav.png,1
boxed_nn08b_20180722_000000.wav_segment_694_maginal.wav.png,1
boxed_nn08b_20180722_000000.wav_segment_695_nan.wav.png,1
boxed_nn08b_20180722_000000.wav_segment_696_nan.wav.png,1
boxed_nn08b_20180722_000000.wav_segment_697_maginal.wav.png,1
boxed_nn08b_20180722_000000.wav_segment_698_nan.wav.png,1
boxed_nn08b_20180722_000000.wav_segment_699_maginal.wav.png,1
boxed_nn08b_20180722_000000.wav_segment_700_maginal.wav.png,1
boxed_nn08b_20180722_000000.wav_segment_701_nan.wav.png,1
boxed_nn08b_20180722_000000.wav_segment_702_nan.wav.png,1
boxed_nn08b_20180722_000000.wav_segment_703_nan.wav.png,1
boxed_nn08b_20180722_000000.wav_segment_704_maginal.wav.png,1
boxed_nn08b_20180722_000000.wav_segment_705_nan.wav.png,1
boxed_nn08b_20180722_000000.wav_segment_706_nan.wav.png,1
boxed_nn08b_20180722_000000.wav_segment_707_nan.wav.png,1
boxed_nn08b_20180722_000000.wav_segment_708_maginal.wav.png,1
boxed_nn08b_20180722_000000.wav_segment_709_nan.wav.png,1
boxed_nn08b_20180722_000000.wav_segment_710_maginal.wav.png,1
boxed_nn08b_20180722_000000.wav_segment_711_nan.wav.png,1
boxed_nn08b_20180722_000000.wav_segment_712_maginal.wav.png,1
boxed_nn08b_20180722_000000.wav_segment_713_maginal.wav.png,1
boxed_nn08b_20180722_000000.wav_segment_714_nan.wav.png,1
boxed_nn08b_20180722_000000.wav_segment_715_nan.wav.png,1
boxed_nn08b_20180722_000000.wav_segment_716_nan.wav.png,1
boxed_nn08b_20180722_000000.wav_segment_717_nan.wav.png,1
boxed_nn08b_20180722_000000.wav_segment_718_maginal.wav.png,1
boxed_nn08b_20180722_000000.wav_segment_719_maginal.wav.png,1
boxed_nn08b_20180722_000000.wav_segment_720_maginal.wav.png,1
boxed_nn08b_20180817_000000.wav_segment_2554_marginal.wav.png,1
boxed_nn08b_20180817_000000.wav_segment_2557_nan.wav.png,1
boxed_nn08b_20180817_000000.wav_segment_2558_nan.wav.png,1
boxed_nn08b_20180817_000000.wav_segment_2561_nan.wav.png,1
boxed_nn08b_20180817_000000.wav_segment_2564_marginal.wav.png,1
boxed_nn08b_20180817_000000.wav_segment_2565_nan.wav.png,1
boxed_nn08b_20180817_000000.wav_segment_2566_marginal.wav.png,1
boxed_nn08b_20180817_000000.wav_segment_2568_nan.wav.png,1
boxed_nn08b_20180817_000000.wav_segment_2569_nan.wav.png,1
boxed_nn08b_20180817_000000.wav_segment_2570_nan.wav.png,1
boxed_nn08b_20180817_000000.wav_segment_2571_nan.wav.png,1
boxed_nn08b_20180817_000000.wav_segment_2572_marginal.wav.png,1
boxed_nn08b_20180817_000000.wav_segment_2573_nan.wav.png,1
boxed_nn08b_20180817_000000.wav_segment_2574_nan.wav.png,1
boxed_nn08b_20180817_000000.wav_segment_2575_marginal.wav.png,1
boxed_nn08b_20180817_000000.wav_segment_2577_nan.wav.png,1
boxed_nn08b_20180817_000000.wav_segment_2578_nan.wav.png,1
boxed_nn08b_20180817_000000.wav_segment_2579_nan.wav.png,1
boxed_nn08b_20180817_000000.wav_segment_2580_nan.wav.png,1
boxed_nn08b_20180817_000000.wav_segment_2581_nan.wav.png,1
boxed_nn08b_20180817_000000.wav_segment_2582_marginal.wav.png,1
boxed_nn08b_20180817_000000.wav_segment_2583_marginal.wav.png,1
boxed_nn08b_20180817_000000.wav_segment_2584_marginal.wav.png,1
boxed_nn08b_20180817_000000.wav_segment_2585_nan.wav.png,1
boxed_nn08b_20180817_000000.wav_segment_2586_marginal.wav.png,1
boxed_nn08b_20180817_000000.wav_segment_2587_nan.wav.png,1
boxed_nn08b_20180817_000000.wav_segment_2588_nan.wav.png,1
boxed_nn08b_20180817_000000.wav_segment_2590_marginal.wav.png,1
boxed_nn08b_20180817_000000.wav_segment_2591_nan.wav.png,1
boxed_nn08b_20180817_000000.wav_segment_2592_marginal.wav.png,1
boxed_nn08b_20180817_000000.wav_segment_2593_nan.wav.png,1
boxed_nn08b_20180817_000000.wav_segment_2594_nan.wav.png,1
boxed_nn08b_20180817_000000.wav_segment_2595_marginal.wav.png,1
boxed_nn08b_20180817_000000.wav_segment_2597_nan.wav.png,1
boxed_nn08b_20180817_000000.wav_segment_2598_marginal.wav.png,1
boxed_nn08b_20180817_000000.wav_segment_2600_marginal.wav.png,1
boxed_nn08b_20180817_000000.wav_segment_2601_nan.wav.png,1
boxed_nn08b_20180817_000000.wav_segment_2602_nan.wav.png,1
boxed_nn08b_20180817_000000.wav_segment_2603_nan.wav.png,1
boxed_nn08b_20180817_000000.wav_segment_2604_nan.wav.png,1
boxed_nn08b_20180817_000000.wav_segment_2605_nan.wav.png,1
boxed_nn08b_20180817_000000.wav_segment_2606_nan.wav.png,1
boxed_nn08b_20180817_000000.wav_segment_2607_nan.wav.png,1
boxed_nn08b_20180817_000000.wav_segment_2608_nan.wav.png,1
boxed_nn08b_20180817_000000.wav_segment_2609_nan.wav.png,1
boxed_nn08b_20180817_000000.wav_segment_2610_marginal.wav.png,1
boxed_nn08b_20180817_000000.wav_segment_2611_nan.wav.png,1
boxed_nn08b_20180817_000000.wav_segment_2612_nan.wav.png,1
boxed_nn08b_20180817_000000.wav_segment_2613_marginal.wav.png,1
boxed_nn08b_20180817_000000.wav_segment_2616_marginal.wav.png,1
boxed_nn08b_20180817_000000.wav_segment_2619_marginal.wav.png,1
boxed_nn08b_20180817_000000.wav_segment_2621_nan.wav.png,1
boxed_nn08b_20180817_000000.wav_segment_2622_nan.wav.png,1
boxed_nn08b_20180817_000000.wav_segment_2623_nan.wav.png,1
boxed_nn08b_20180817_000000.wav_segment_2624_nan.wav.png,1
boxed_nn08b_20180817_000000.wav_segment_2626_nan.wav.png,1
boxed_nn08b_20180817_000000.wav_segment_2627_marginal.wav.png,1
boxed_nn08b_20180817_000000.wav_segment_2629_nan.wav.png,1
boxed_nn08b_20180817_000000.wav_segment_2630_marginal.wav.png,1
boxed_nn08b_20180817_000000.wav_segment_2631_marginal.wav.png,1
boxed_nn08b_20180817_000000.wav_segment_2632_nan.wav.png,1
boxed_nn08b_20180817_000000.wav_segment_2633_nan.wav.png,1
boxed_nn08b_20180817_000000.wav_segment_2634_marginal.wav.png,1
boxed_nn08b_20180817_000000.wav_segment_2636_marginal.wav.png,1
boxed_nn08b_20180817_000000.wav_segment_2637_nan.wav.png,1
boxed_nn08b_20180817_000000.wav_segment_2638_nan.wav.png,1
boxed_nn08b_20180817_000000.wav_segment_2639_nan.wav.png,1
boxed_nn08b_20180817_000000.wav_segment_2640_nan.wav.png,1
boxed_nn08b_20180817_000000.wav_segment_2641_nan.wav.png,1
boxed_nn08b_20180817_000000.wav_segment_2642_nan.wav.png,1
boxed_nn08b_20180817_000000.wav_segment_2643_nan.wav.png,1
boxed_nn08c_20180824_000000.wav_segment_2647_marginal.wav.png,1
boxed_nn08c_20180824_000000.wav_segment_2650_marginal.wav.png,1
boxed_nn08c_20180824_000000.wav_segment_2651_marginal.wav.png,1
boxed_nn08c_20180824_000000.wav_segment_2654_nan.wav.png,1
boxed_nn08c_20180824_000000.wav_segment_2655_marginal.wav.png,1
boxed_nn08c_20180824_000000.wav_segment_2657_nan.wav.png,1
boxed_nn08c_20180824_000000.wav_segment_2658_nan.wav.png,1
boxed_nn08c_20180824_000000.wav_segment_2660_nan.wav.png,1
boxed_nn08c_20180824_000000.wav_segment_2664_marginal.wav.png,1
boxed_nn08c_20180824_000000.wav_segment_2666_nan.wav.png,1
boxed_nn08c_20180824_000000.wav_segment_2668_marginal.wav.png,1
boxed_nn08c_20180824_000000.wav_segment_2669_nan.wav.png,1
boxed_nn08c_20180824_000000.wav_segment_2670_nan.wav.png,1
boxed_nn08c_20180824_000000.wav_segment_2671_nan.wav.png,1
boxed_nn08c_20180824_000000.wav_segment_2672_nan.wav.png,1
boxed_nn08c_20180824_000000.wav_segment_2673_nan.wav.png,1
boxed_nn08c_20180824_000000.wav_segment_2674_nan.wav.png,1
boxed_nn08c_20180824_000000.wav_segment_2675_nan.wav.png,1
boxed_nn08c_20180824_000000.wav_segment_2677_nan.wav.png,1
boxed_nn08c_20180824_000000.wav_segment_2679_nan.wav.png,1
boxed_nn08c_20180824_000000.wav_segment_2680_nan.wav.png,1
boxed_nn08c_20180824_000000.wav_segment_2681_nan.wav.png,1
boxed_nn08c_20180824_000000.wav_segment_2682_marginal.wav.png,1
boxed_nn08c_20180824_000000.wav_segment_2684_marginal.wav.png,1
boxed_nn08c_20180824_000000.wav_segment_2685_marginal.wav.png,1
boxed_nn08c_20180824_000000.wav_segment_2686_marginal.wav.png,1
boxed_nn08c_20180824_000000.wav_segment_2687_nan.wav.png,1
boxed_nn08c_20180824_000000.wav_segment_2688_marginal.wav.png,1
boxed_nn08c_20180824_000000.wav_segment_2690_nan.wav.png,1
boxed_nn08c_20180824_000000.wav_segment_2693_nan.wav.png,1
boxed_nn08c_20180824_000000.wav_segment_2695_nan.wav.png,1
boxed_nn08c_20180824_000000.wav_segment_2696_nan.wav.png,1
boxed_nn08c_20180824_000000.wav_segment_2697_nan.wav.png,1
boxed_nn08c_20180824_000000.wav_segment_2698_nan.wav.png,1
boxed_nn08c_20180824_000000.wav_segment_2699_nan.wav.png,1
boxed_nn08c_20180824_000000.wav_segment_2700_nan.wav.png,1
boxed_nn08c_20180824_000000.wav_segment_2701_nan.wav.png,1
boxed_nn08c_20180824_000000.wav_segment_2702_nan.wav.png,1
boxed_nn08c_20180824_000000.wav_segment_2703_nan.wav.png,1
boxed_nn08c_20180824_000000.wav_segment_2704_nan.wav.png,1
boxed_nn08c_20180824_000000.wav_segment_2705_nan.wav.png,1
boxed_nn08c_20180824_000000.wav_segment_2706_nan.wav.png,1
boxed_nn08c_20180824_000000.wav_segment_2707_nan.wav.png,1
boxed_nn08c_20180824_000000.wav_segment_2708_nan.wav.png,1
boxed_nn08c_20180824_000000.wav_segment_2709_nan.wav.png,1
boxed_nn08c_20180824_000000.wav_segment_2710_nan.wav.png,1
boxed_nn08c_20180824_000000.wav_segment_2711_nan.wav.png,1
boxed_nn08c_20180824_000000.wav_segment_2712_nan.wav.png,1
boxed_nn08c_20180824_000000.wav_segment_2713_nan.wav.png,1
boxed_nn08c_20180824_000000.wav_segment_2714_nan.wav.png,1
boxed_nn08c_20180824_000000.wav_segment_2715_nan.wav.png,1
boxed_nn08c_20180824_000000.wav_segment_2716_nan.wav.png,1
boxed_nn08c_20180824_000000.wav_segment_2717_nan.wav.png,1
boxed_nn08c_20180824_000000.wav_segment_2718_nan.wav.png,1
boxed_nn08c_20180824_000000.wav_segment_2719_nan.wav.png,1
boxed_nn08c_20180824_000000.wav_segment_2720_nan.wav.png,1
boxed_nn08c_20180824_000000.wav_segment_2721_nan.wav.png,1
boxed_nn08c_20180824_000000.wav_segment_2722_nan.wav.png,1
boxed_nn08c_20180824_000000.wav_segment_2723_nan.wav.png,1
boxed_nn08c_20180824_000000.wav_segment_2724_nan.wav.png,1
boxed_nn08c_20180824_000000.wav_segment_2725_nan.wav.png,1
boxed_nn08c_20180824_000000.wav_segment_2726_nan.wav.png,1
boxed_nn08c_20180824_000000.wav_segment_2727_nan.wav.png,1
boxed_nn08c_20180824_000000.wav_segment_2728_nan.wav.png,1
boxed_nn08c_20180824_000000.wav_segment_2729_nan.wav.png,1
boxed_nn08c_20180824_000000.wav_segment_2730_nan.wav.png,1
boxed_nn08c_20180824_000000.wav_segment_2731_nan.wav.png,1
boxed_nn08c_20180824_000000.wav_segment_2732_nan.wav.png,1
boxed_nn08c_20180824_000000.wav_segment_2733_marginal.wav.png,1
boxed_nn08c_20180824_000000.wav_segment_2734_nan.wav.png,1
boxed_nn08c_20180824_000000.wav_segment_2735_nan.wav.png,1
boxed_nn08c_20180824_000000.wav_segment_2736_nan.wav.png,1
boxed_nn08c_20180824_000000.wav_segment_2737_nan.wav.png,1
boxed_nn08c_20180824_000000.wav_segment_2738_nan.wav.png,1
boxed_nn08c_20180824_000000.wav_segment_2739_marginal.wav.png,1
boxed_nn08c_20180824_000000.wav_segment_2740_nan.wav.png,1
boxed_nn08c_20180824_000000.wav_segment_2741_marginal.wav.png,1
boxed_nn08c_20180824_000000.wav_segment_2742_nan.wav.png,1
boxed_nn08c_20180824_000000.wav_segment_2743_nan.wav.png,1
boxed_nn08c_20180824_000000.wav_segment_2744_marginal.wav.png,1
boxed_nn08c_20180824_000000.wav_segment_2745_nan.wav.png,1
boxed_nn08c_20180824_000000.wav_segment_2746_nan.wav.png,1
boxed_nn08c_20180824_000000.wav_segment_2747_nan.wav.png,1
boxed_nn08c_20180824_000000.wav_segment_2748_nan.wav.png,1
boxed_nn08c_20180824_000000.wav_segment_2749_marginal.wav.png,1
boxed_nn08c_20180824_000000.wav_segment_2750_nan.wav.png,1
boxed_nn08c_20180824_000000.wav_segment_2752_nan.wav.png,1
boxed_nn08c_20180824_000000.wav_segment_2753_nan.wav.png,1
boxed_nn08c_20180824_000000.wav_segment_2754_nan.wav.png,1
boxed_nn08c_20180824_000000.wav_segment_2756_nan.wav.png,1
boxed_nn08c_20180824_000000.wav_segment_2757_nan.wav.png,1
boxed_nn08c_20180824_000000.wav_segment_2758_marginal.wav.png,1
boxed_nn08c_20180824_000000.wav_segment_2759_nan.wav.png,1
boxed_nn08c_20180824_000000.wav_segment_2760_nan.wav.png,1
boxed_nn08c_20180824_000000.wav_segment_2761_marginal.wav.png,1
boxed_nn08c_20180824_000000.wav_segment_2762_nan.wav.png,1
boxed_nn08c_20180824_000000.wav_segment_2764_nan.wav.png,1
boxed_nn08c_20180824_000000.wav_segment_2769_marginal.wav.png,1
boxed_nn08c_20180824_000000.wav_segment_2770_marginal.wav.png,1
boxed_nn08c_20180824_000000.wav_segment_2773_nan.wav.png,1
boxed_nn08c_20180824_000000.wav_segment_2775_nan.wav.png,1
boxed_nn08c_20180824_000000.wav_segment_2777_nan.wav.png,1
boxed_nn08c_20180824_000000.wav_segment_2778_marginal.wav.png,1
boxed_nn08c_20180824_000000.wav_segment_2779_marginal.wav.png,1
boxed_nn08c_20180824_000000.wav_segment_2780_marginal.wav.png,1
boxed_nn08c_20180824_000000.wav_segment_2781_marginal.wav.png,1
boxed_nn08c_20180824_000000.wav_segment_2782_nan.wav.png,1
boxed_nn08c_20180824_000000.wav_segment_2783_nan.wav.png,1
boxed_nn08c_20180824_000000.wav_segment_2784_nan.wav.png,1
boxed_nn08c_20180824_000000.wav_segment_2785_nan.wav.png,1
boxed_nn08c_20180824_000000.wav_segment_2786_nan.wav.png,1
boxed_nn08c_20180824_000000.wav_segment_2788_nan.wav.png,1
boxed_nn08c_20180824_000000.wav_segment_2789_marginal.wav.png,1
boxed_nn08c_20180824_000000.wav_segment_2790_marginal.wav.png,1
boxed_nn08c_20180824_000000.wav_segment_2791_nan.wav.png,1
boxed_nn08c_20180824_000000.wav_segment_2792_nan.wav.png,1
boxed_nn08c_20180824_000000.wav_segment_2793_nan.wav.png,1
boxed_nn08c_20180824_000000.wav_segment_2796_nan.wav.png,1
boxed_nn08c_20180824_000000.wav_segment_2799_nan.wav.png,1
boxed_nn08c_20180824_000000.wav_segment_2800_nan.wav.png,1
boxed_nn08c_20180824_000000.wav_segment_2801_nan.wav.png,1
boxed_nn08c_20180824_000000.wav_segment_2802_nan.wav.png,1
boxed_nn08c_20180824_000000.wav_segment_2803_nan.wav.png,1
boxed_nn08c_20180824_000000.wav_segment_2804_nan.wav.png,1
boxed_nn08c_20180824_000000.wav_segment_2805_nan.wav.png,1
boxed_nn08c_20180824_000000.wav_segment_2806_nan.wav.png,1
boxed_nn08c_20180824_000000.wav_segment_2807_nan.wav.png,1
boxed_nn08c_20180824_000000.wav_segment_2808_nan.wav.png,1
boxed_nn08c_20180824_000000.wav_segment_2809_nan.wav.png,1
boxed_nn08c_20180824_000000.wav_segment_2810_nan.wav.png,1
boxed_nn08c_20180824_000000.wav_segment_2811_marginal.wav.png,1
boxed_nn08c_20180824_000000.wav_segment_2812_nan.wav.png,1
boxed_nn08c_20180824_000000.wav_segment_2813_nan.wav.png,1
boxed_nn08c_20180824_000000.wav_segment_2814_nan.wav.png,1
boxed_nn08c_20180824_000000.wav_segment_2816_nan.wav.png,1
boxed_nn08c_20180824_000000.wav_segment_2817_nan.wav.png,1
boxed_nn08c_20180824_000000.wav_segment_2818_marginal.wav.png,1
boxed_nn08c_20180824_000000.wav_segment_2819_nan.wav.png,1
boxed_nn08c_20180824_000000.wav_segment_2820_nan.wav.png,1
boxed_nn08c_20180824_000000.wav_segment_2821_marginal.wav.png,1
boxed_nn08c_20180824_000000.wav_segment_2824_nan.wav.png,1
boxed_nn08c_20180824_000000.wav_segment_2825_nan.wav.png,1
boxed_nn08c_20180824_000000.wav_segment_2826_nan.wav.png,1
boxed_nn08c_20180824_000000.wav_segment_2827_marginal.wav.png,1
boxed_nn08c_20180824_000000.wav_segment_2830_nan.wav.png,1
boxed_nn08c_20180824_000000.wav_segment_2831_nan.wav.png,1
boxed_nn08c_20180824_000000.wav_segment_2832_nan.wav.png,1
boxed_nn08c_20180824_000000.wav_segment_2833_nan.wav.png,1
boxed_nn08c_20180824_000000.wav_segment_2834_nan.wav.png,1
boxed_nn08c_20180824_000000.wav_segment_2837_nan.wav.png,1
boxed_nn08c_20180824_000000.wav_segment_2838_nan.wav.png,1
boxed_nn08c_20180824_000000.wav_segment_2839_nan.wav.png,1
boxed_nn08c_20180824_000000.wav_segment_2840_nan.wav.png,1
boxed_nn08c_20180824_000000.wav_segment_2841_nan.wav.png,1
boxed_nn08c_20180824_000000.wav_segment_2842_nan.wav.png,1
boxed_nn08c_20180824_000000.wav_segment_2843_nan.wav.png,1
boxed_nn08c_20180824_000000.wav_segment_2844_nan.wav.png,1
boxed_nn08c_20180824_000000.wav_segment_2845_nan.wav.png,1
boxed_nn08c_20180824_000000.wav_segment_2846_nan.wav.png,1
boxed_nn08c_20180824_000000.wav_segment_2847_nan.wav.png,1
boxed_nn08c_20180824_000000.wav_segment_2848_nan.wav.png,1
boxed_nn08c_20180824_000000.wav_segment_2849_nan.wav.png,1
boxed_nn08c_20180824_000000.wav_segment_2850_nan.wav.png,1
boxed_nn08c_20180824_000000.wav_segment_2851_nan.wav.png,1
boxed_nn08c_20180824_000000.wav_segment_2852_nan.wav.png,1
boxed_nn08c_20180824_000000.wav_segment_2855_nan.wav.png,1
boxed_nn08c_20180824_000000.wav_segment_2856_nan.wav.png,1
boxed_nn08c_20180824_000000.wav_segment_2857_nan.wav.png,1
boxed_nn08c_20180824_000000.wav_segment_2858_nan.wav.png,1
boxed_nn08c_20180824_000000.wav_segment_2859_nan.wav.png,1
boxed_nn08c_20180824_000000.wav_segment_2860_nan.wav.png,1
boxed_nn08c_20180824_000000.wav_segment_2861_nan.wav.png,1
boxed_nn08c_20180824_000000.wav_segment_2862_nan.wav.png,1
boxed_nn08c_20180824_000000.wav_segment_2863_marginal.wav.png,1
boxed_nn08c_20180824_000000.wav_segment_2864_nan.wav.png,1
boxed_nn08c_20180824_000000.wav_segment_2865_nan.wav.png,1
boxed_nn08c_20180824_000000.wav_segment_2866_nan.wav.png,1
boxed_nn08c_20180824_000000.wav_segment_2867_nan.wav.png,1
boxed_nn08c_20180824_000000.wav_segment_2869_nan.wav.png,1
boxed_nn08c_20180824_000000.wav_segment_2870_nan.wav.png,1
boxed_nn08c_20180824_000000.wav_segment_2871_nan.wav.png,1
boxed_nn08c_20180824_000000.wav_segment_2872_nan.wav.png,1
boxed_nn08c_20180824_000000.wav_segment_2874_nan.wav.png,1
boxed_nn08c_20180902_000000.wav_segment_2875_nan.wav.png,1
boxed_nn08c_20180902_000000.wav_segment_2876_marginal.wav.png,1
boxed_nn08c_20180902_000000.wav_segment_2877_marginal.wav.png,1
boxed_nn08c_20180902_000000.wav_segment_2878_marginal.wav.png,1
boxed_nn08c_20180902_000000.wav_segment_2879_nan.wav.png,1
boxed_nn08c_20180902_000000.wav_segment_2880_marginal.wav.png,1
boxed_nn08c_20180902_000000.wav_segment_2883_nan.wav.png,1
boxed_nn08c_20180902_000000.wav_segment_2884_nan.wav.png,1
boxed_nn08c_20180902_000000.wav_segment_2885_nan.wav.png,1
boxed_nn08c_20180902_000000.wav_segment_2886_marginal.wav.png,1
boxed_nn08c_20180902_000000.wav_segment_2887_marginal.wav.png,1
boxed_nn08c_20180902_000000.wav_segment_2888_marginal.wav.png,1
boxed_nn08c_20180902_000000.wav_segment_2890_nan.wav.png,1
boxed_nn08c_20180902_000000.wav_segment_2891_nan.wav.png,1
boxed_nn08c_20180902_000000.wav_segment_2893_nan.wav.png,1
boxed_nn08c_20180902_000000.wav_segment_2894_nan.wav.png,1
boxed_nn08c_20180902_000000.wav_segment_2895_nan.wav.png,1
boxed_nn08c_20180902_000000.wav_segment_2896_marginal.wav.png,1
boxed_nn08c_20180902_000000.wav_segment_2897_nan.wav.png,1
boxed_nn08c_20180902_000000.wav_segment_2898_nan.wav.png,1
boxed_nn08c_20180902_000000.wav_segment_2899_marginal.wav.png,1
boxed_nn08c_20180902_000000.wav_segment_2900_nan.wav.png,1
boxed_nn08c_20180902_000000.wav_segment_2903_nan.wav.png,1
boxed_nn08c_20180902_000000.wav_segment_2904_marginal.wav.png,1
boxed_nn08c_20180902_000000.wav_segment_2905_marginal.wav.png,1
boxed_nn08c_20180902_000000.wav_segment_2906_nan.wav.png,1
boxed_nn08c_20180902_000000.wav_segment_2907_nan.wav.png,1
boxed_nn08c_20180902_000000.wav_segment_2909_nan.wav.png,1
boxed_nn08c_20180902_000000.wav_segment_2910_nan.wav.png,1
boxed_nn08c_20180902_000000.wav_segment_2911_nan.wav.png,1
boxed_nn08c_20180902_000000.wav_segment_2912_marginal.wav.png,1
boxed_nn08c_20180902_000000.wav_segment_2913_nan.wav.png,1
boxed_nn08c_20180902_000000.wav_segment_2914_nan.wav.png,1
boxed_nn08c_20180902_000000.wav_segment_2915_nan.wav.png,1
boxed_nn08c_20180902_000000.wav_segment_2916_nan.wav.png,1
boxed_nn08c_20180902_000000.wav_segment_2917_nan.wav.png,1
boxed_nn08c_20180902_000000.wav_segment_2918_nan.wav.png,1
boxed_nn08c_20180902_000000.wav_segment_2919_nan.wav.png,1
boxed_nn08c_20180902_000000.wav_segment_2920_marginal.wav.png,1
boxed_nn08c_20180902_000000.wav_segment_2921_marginal.wav.png,1
boxed_nn08c_20180902_000000.wav_segment_2922_nan.wav.png,1
boxed_nn08c_20180902_000000.wav_segment_2923_nan.wav.png,1
boxed_nn08c_20180902_000000.wav_segment_2924_marginal.wav.png,1
boxed_nn08c_20180902_000000.wav_segment_2925_nan.wav.png,1
boxed_nn08c_20180902_000000.wav_segment_2926_nan.wav.png,1
boxed_nn08c_20180902_000000.wav_segment_2927_nan.wav.png,1
boxed_nn08c_20180902_000000.wav_segment_2928_nan.wav.png,1
boxed_nn08c_20180902_000000.wav_segment_2929_nan.wav.png,1
boxed_nn08c_20180902_000000.wav_segment_2930_nan.wav.png,1
boxed_nn08c_20180902_000000.wav_segment_2931_nan.wav.png,1
boxed_nn08c_20180902_000000.wav_segment_2932_marginal.wav.png,1
boxed_nn08c_20180902_000000.wav_segment_2934_nan.wav.png,1
boxed_nn08c_20180902_000000.wav_segment_2935_nan.wav.png,1
boxed_nn08c_20180902_000000.wav_segment_2936_marginal.wav.png,1
boxed_nn08c_20180902_000000.wav_segment_2937_marginal.wav.png,1
boxed_nn08c_20180902_000000.wav_segment_2938_marginal.wav.png,1
boxed_nn08c_20180902_000000.wav_segment_2939_nan.wav.png,1
boxed_nn08c_20180902_000000.wav_segment_2940_nan.wav.png,1
boxed_nn08c_20180902_000000.wav_segment_2941_nan.wav.png,1
boxed_nn08c_20180902_000000.wav_segment_2942_marginal.wav.png,1
boxed_nn08c_20180902_000000.wav_segment_2943_nan.wav.png,1
boxed_nn08c_20180902_000000.wav_segment_2944_nan.wav.png,1
boxed_nn08c_20180902_000000.wav_segment_2945_nan.wav.png,1
boxed_nn08c_20180902_000000.wav_segment_2946_marginal.wav.png,1
boxed_nn09b_20180907_000000.wav_segment_721_nan.wav.png,1
boxed_nn09b_20180907_000000.wav_segment_723_maginal.wav.png,1
boxed_nn09b_20180907_000000.wav_segment_724_maginal.wav.png,1
boxed_nn09b_20180907_000000.wav_segment_727_nan.wav.png,1
boxed_nn09b_20180907_000000.wav_segment_729_maginal.wav.png,1
boxed_nn09b_20180907_000000.wav_segment_730_nan.wav.png,1
boxed_nn09b_20180907_000000.wav_segment_731_nan.wav.png,1
boxed_nn09b_20180907_000000.wav_segment_732_nan.wav.png,1
boxed_nn09b_20180907_000000.wav_segment_733_maginal.wav.png,1
boxed_nn09b_20180907_000000.wav_segment_734_maginal.wav.png,1
boxed_nn09b_20180907_000000.wav_segment_735_nan.wav.png,1
boxed_nn09b_20180907_000000.wav_segment_736_nan.wav.png,1
boxed_nn09b_20180907_000000.wav_segment_738_maginal.wav.png,1
boxed_nn09b_20180928_000000.wav_segment_2947_marginal.wav.png,1
boxed_nn09b_20180928_000000.wav_segment_2948_nan.wav.png,1
boxed_nn09b_20180928_000000.wav_segment_2949_nan.wav.png,1
boxed_nn09b_20180928_000000.wav_segment_2950_nan.wav.png,1
boxed_nn09b_20180928_000000.wav_segment_2951_nan.wav.png,1
boxed_nn09b_20180928_000000.wav_segment_2952_marginal.wav.png,1
boxed_nn09b_20180928_000000.wav_segment_2953_nan.wav.png,1
boxed_nn09b_20180928_000000.wav_segment_2954_nan.wav.png,1
boxed_nn10a_20180702_000000.wav_segment_2955_nan.wav.png,1
boxed_nn10a_20180702_000000.wav_segment_2956_nan.wav.png,1
boxed_nn10a_20180702_000000.wav_segment_2957_marginal.wav.png,1
boxed_nn10a_20180702_000000.wav_segment_2958_nan.wav.png,1
boxed_nn10a_20180702_000000.wav_segment_2959_nan.wav.png,1
boxed_nn10a_20180702_000000.wav_segment_2960_nan.wav.png,1
boxed_nn10a_20180702_000000.wav_segment_2961_nan.wav.png,1
boxed_nn10a_20180702_000000.wav_segment_2962_nan.wav.png,1
boxed_nn10a_20180702_000000.wav_segment_2963_marginal.wav.png,1
boxed_nn10a_20180702_000000.wav_segment_2965_nan.wav.png,1
boxed_nn10a_20180702_000000.wav_segment_2966_marginal.wav.png,1
boxed_nn10a_20180702_000000.wav_segment_2967_nan.wav.png,1
boxed_nn10a_20180702_000000.wav_segment_2968_nan.wav.png,1
boxed_nn10a_20180702_000000.wav_segment_2969_marginal.wav.png,1
boxed_nn10a_20180702_000000.wav_segment_2970_nan.wav.png,1
boxed_nn10a_20180702_000000.wav_segment_2971_marginal.wav.png,1
boxed_nn10a_20180702_000000.wav_segment_2972_nan.wav.png,1
boxed_nn10a_20180702_000000.wav_segment_2973_marginal.wav.png,1
boxed_nn10a_20180702_000000.wav_segment_2974_nan.wav.png,1
boxed_nn10a_20180702_000000.wav_segment_2975_nan.wav.png,1
boxed_nn10a_20180702_000000.wav_segment_2976_marginal.wav.png,1
boxed_nn10a_20180702_000000.wav_segment_2977_nan.wav.png,1
boxed_nn10a_20180702_000000.wav_segment_2978_marginal.wav.png,1
boxed_nn10a_20180702_000000.wav_segment_2979_marginal.wav.png,1
boxed_nn10a_20180702_000000.wav_segment_2980_nan.wav.png,1
boxed_nn10a_20180702_000000.wav_segment_2981_marginal.wav.png,1
boxed_nn10a_20180702_000000.wav_segment_2982_nan.wav.png,1
boxed_nn10a_20180702_000000.wav_segment_2983_nan.wav.png,1
boxed_nn10a_20180702_000000.wav_segment_2984_nan.wav.png,1
boxed_nn10a_20180702_000000.wav_segment_2985_nan.wav.png,1
boxed_nn10a_20180702_000000.wav_segment_2986_marginal.wav.png,1
boxed_nn10a_20180702_000000.wav_segment_2987_nan.wav.png,1
boxed_nn10a_20180702_000000.wav_segment_2988_nan.wav.png,1
boxed_nn10a_20180702_000000.wav_segment_2989_marginal.wav.png,1
boxed_nn10a_20180702_000000.wav_segment_2990_marginal.wav.png,1
boxed_nn10a_20180702_000000.wav_segment_2991_marginal.wav.png,1
boxed_nn10a_20180702_000000.wav_segment_2992_marginal.wav.png,1
boxed_nn10a_20180702_000000.wav_segment_2994_marginal.wav.png,1
boxed_nn10a_20180702_000000.wav_segment_2995_marginal.wav.png,1
boxed_nn10a_20180702_000000.wav_segment_2996_nan.wav.png,1
boxed_nn10a_20180702_000000.wav_segment_2997_marginal.wav.png,1
boxed_nn10a_20180702_000000.wav_segment_2998_nan.wav.png,1
boxed_nn10a_20180702_000000.wav_segment_2999_nan.wav.png,1
boxed_nn10a_20180702_000000.wav_segment_3000_nan.wav.png,1
boxed_nn10a_20180702_000000.wav_segment_3001_marginal.wav.png,1
boxed_nn10a_20180702_000000.wav_segment_3002_marginal.wav.png,1
boxed_nn10a_20180702_000000.wav_segment_3003_nan.wav.png,1
boxed_nn10a_20180702_000000.wav_segment_3004_nan.wav.png,1
boxed_nn10a_20180702_000000.wav_segment_3005_nan.wav.png,1
boxed_nn10a_20180702_000000.wav_segment_3006_nan.wav.png,1
boxed_nn10a_20180702_000000.wav_segment_3007_marginal.wav.png,1
boxed_nn10a_20180702_000000.wav_segment_3008_nan.wav.png,1
boxed_nn10a_20180702_000000.wav_segment_3009_nan.wav.png,1
boxed_nn10a_20180702_000000.wav_segment_3010_marginal.wav.png,1
boxed_nn10a_20180702_000000.wav_segment_3011_nan.wav.png,1
boxed_nn10a_20180702_000000.wav_segment_3012_nan.wav.png,1
boxed_nn10a_20180702_000000.wav_segment_3013_nan.wav.png,1
boxed_nn10a_20180702_000000.wav_segment_3014_nan.wav.png,1
boxed_nn10a_20180702_000000.wav_segment_3015_nan.wav.png,1
boxed_nn10a_20180702_000000.wav_segment_3016_nan.wav.png,1
boxed_nn10a_20180702_000000.wav_segment_3017_nan.wav.png,1
boxed_nn10a_20180702_000000.wav_segment_3018_nan.wav.png,1
boxed_nn10a_20180702_000000.wav_segment_3019_marginal.wav.png,1
boxed_nn10a_20180702_000000.wav_segment_3020_nan.wav.png,1
boxed_nn10a_20180702_000000.wav_segment_3021_marginal.wav.png,1
boxed_nn10a_20180702_000000.wav_segment_3022_marginal.wav.png,1
boxed_nn10a_20180702_000000.wav_segment_3023_marginal.wav.png,1
boxed_nn10a_20180702_000000.wav_segment_3024_marginal.wav.png,1
boxed_nn10a_20180702_000000.wav_segment_3025_marginal.wav.png,1
boxed_nn10a_20180702_000000.wav_segment_3026_nan.wav.png,1
boxed_nn10a_20180702_000000.wav_segment_3027_nan.wav.png,1
boxed_nn10a_20180702_000000.wav_segment_3028_nan.wav.png,1
boxed_nn10a_20180702_000000.wav_segment_3029_nan.wav.png,1
boxed_nn10a_20180702_000000.wav_segment_3030_nan.wav.png,1
boxed_nn10a_20180702_000000.wav_segment_3031_nan.wav.png,1
boxed_nn10a_20180702_000000.wav_segment_3032_nan.wav.png,1
boxed_nn10a_20180702_000000.wav_segment_3033_nan.wav.png,1
boxed_nn10a_20180702_000000.wav_segment_3035_nan.wav.png,1
boxed_nn10a_20180702_000000.wav_segment_3037_nan.wav.png,1
boxed_nn10a_20180702_000000.wav_segment_3038_nan.wav.png,1
boxed_nn10a_20180702_000000.wav_segment_3039_nan.wav.png,1
boxed_nn10a_20180702_000000.wav_segment_3040_nan.wav.png,1
boxed_nn10a_20180702_000000.wav_segment_3041_nan.wav.png,1
boxed_nn10a_20180702_000000.wav_segment_3042_nan.wav.png,1
boxed_nn10a_20180702_000000.wav_segment_3043_nan.wav.png,1
boxed_nn10a_20180702_000000.wav_segment_3044_nan.wav.png,1
boxed_nn10a_20180702_000000.wav_segment_3045_nan.wav.png,1
boxed_nn10a_20180702_000000.wav_segment_3046_nan.wav.png,1
boxed_nn10a_20180702_000000.wav_segment_3047_nan.wav.png,1
boxed_nn10a_20180702_000000.wav_segment_3048_nan.wav.png,1
boxed_nn10a_20180702_000000.wav_segment_3049_nan.wav.png,1
boxed_nn10a_20180702_000000.wav_segment_3050_nan.wav.png,1
boxed_nn10a_20180702_000000.wav_segment_3051_nan.wav.png,1
boxed_nn10a_20180702_000000.wav_segment_3052_nan.wav.png,1
boxed_nn10a_20180702_000000.wav_segment_3053_marginal.wav.png,1
boxed_nn10a_20180702_000000.wav_segment_3054_nan.wav.png,1
boxed_nn10a_20180702_000000.wav_segment_3055_nan.wav.png,1
boxed_nn10a_20180702_000000.wav_segment_3056_nan.wav.png,1
boxed_nn10a_20180702_000000.wav_segment_3057_nan.wav.png,1
boxed_nn10a_20180702_000000.wav_segment_3058_nan.wav.png,1
boxed_nn10a_20180702_000000.wav_segment_3059_nan.wav.png,1
boxed_nn10a_20180702_000000.wav_segment_3060_nan.wav.png,1
boxed_nn10a_20180702_000000.wav_segment_3061_nan.wav.png,1
boxed_nn10a_20180702_000000.wav_segment_3062_marginal.wav.png,1
boxed_nn10a_20180702_000000.wav_segment_3063_marginal.wav.png,1
boxed_nn10a_20180702_000000.wav_segment_3064_nan.wav.png,1
boxed_nn10a_20180702_000000.wav_segment_3065_nan.wav.png,1
boxed_nn10a_20180702_000000.wav_segment_3066_marginal.wav.png,1
boxed_nn10a_20180702_000000.wav_segment_3067_nan.wav.png,1
boxed_nn10a_20180913_000000.wav_segment_3068_nan.wav.png,1
boxed_nn10a_20180913_000000.wav_segment_3069_marginal.wav.png,1
boxed_nn10a_20180913_000000.wav_segment_3070_nan.wav.png,1
boxed_nn10a_20180913_000000.wav_segment_3071_nan.wav.png,1
boxed_nn10a_20180913_000000.wav_segment_3072_marginal.wav.png,1
boxed_nn10a_20180913_000000.wav_segment_3073_marginal.wav.png,1
boxed_nn10a_20180913_000000.wav_segment_3074_nan.wav.png,1
boxed_nn10a_20180913_000000.wav_segment_3075_nan.wav.png,1
boxed_nn10a_20180913_000000.wav_segment_3076_marginal.wav.png,1
boxed_nn10a_20180913_000000.wav_segment_3077_marginal.wav.png,1
boxed_nn10a_20180913_000000.wav_segment_3078_nan.wav.png,1
boxed_nn10a_20180913_000000.wav_segment_3079_marginal.wav.png,1
boxed_nn10a_20180913_000000.wav_segment_3080_nan.wav.png,1
boxed_nn10a_20180913_000000.wav_segment_3081_marginal.wav.png,1
boxed_nn10a_20180913_000000.wav_segment_3082_marginal.wav.png,1
boxed_nn10a_20180913_000000.wav_segment_3083_marginal.wav.png,1
boxed_nn10a_20180913_000000.wav_segment_3085_nan.wav.png,1
boxed_nn10a_20180913_000000.wav_segment_3086_nan.wav.png,1
boxed_nn10a_20180913_000000.wav_segment_3087_marginal.wav.png,1
boxed_nn10a_20180913_000000.wav_segment_3088_nan.wav.png,1
boxed_nn10a_20180913_000000.wav_segment_3089_nan.wav.png,1
boxed_nn10a_20180913_000000.wav_segment_3090_nan.wav.png,1
boxed_nn10a_20180913_000000.wav_segment_3091_marginal.wav.png,1
boxed_nn10a_20180913_000000.wav_segment_3092_nan.wav.png,1
boxed_nn10a_20180913_000000.wav_segment_3093_marginal.wav.png,1
boxed_nn10a_20180913_000000.wav_segment_3094_marginal.wav.png,1
boxed_nn10a_20180913_000000.wav_segment_3095_nan.wav.png,1
boxed_nn10a_20180913_000000.wav_segment_3096_nan.wav.png,1
boxed_nn10a_20180913_000000.wav_segment_3097_marginal.wav.png,1
boxed_nn10a_20180913_000000.wav_segment_3098_marginal.wav.png,1
boxed_nn10a_20180913_000000.wav_segment_3099_marginal.wav.png,1
boxed_nn10a_20180913_000000.wav_segment_3100_marginal.wav.png,1
boxed_nn10a_20180913_000000.wav_segment_3101_marginal.wav.png,1
boxed_nn10a_20180913_000000.wav_segment_3103_nan.wav.png,1
boxed_nn10a_20180913_000000.wav_segment_3104_marginal.wav.png,1
boxed_nn10a_20180913_000000.wav_segment_3107_nan.wav.png,1
boxed_nn10b_20180416_000000.wav_segment_739_nan.wav.png,1
boxed_nn10b_20180604_000000.wav_segment_3108_nan.wav.png,1
boxed_nn10b_20180604_000000.wav_segment_3111_nan.wav.png,1
boxed_nn10b_20180604_000000.wav_segment_3112_nan.wav.png,1
boxed_nn10b_20180604_000000.wav_segment_3113_nan.wav.png,1
boxed_nn10b_20180604_000000.wav_segment_3114_nan.wav.png,1
boxed_nn10b_20180604_000000.wav_segment_3115_nan.wav.png,1
boxed_nn10b_20180604_000000.wav_segment_3116_nan.wav.png,1
boxed_nn10b_20180604_000000.wav_segment_3117_nan.wav.png,1
boxed_nn10b_20180604_000000.wav_segment_3118_nan.wav.png,1
boxed_nn10b_20180604_000000.wav_segment_3119_nan.wav.png,1
boxed_nn10b_20180604_000000.wav_segment_3120_nan.wav.png,1
boxed_nn10b_20180604_000000.wav_segment_3121_nan.wav.png,1
boxed_nn10b_20180604_000000.wav_segment_3122_marginal.wav.png,1
boxed_nn10b_20180604_000000.wav_segment_3123_nan.wav.png,1
boxed_nn10b_20180604_000000.wav_segment_3124_nan.wav.png,1
boxed_nn10b_20180604_000000.wav_segment_3125_nan.wav.png,1
boxed_nn10b_20180604_000000.wav_segment_3126_nan.wav.png,1
boxed_nn10b_20180604_000000.wav_segment_3129_nan.wav.png,1
boxed_nn10b_20180604_000000.wav_segment_3130_nan.wav.png,1
boxed_nn10b_20180604_000000.wav_segment_3131_marginal.wav.png,1
boxed_nn10b_20180604_000000.wav_segment_3132_nan.wav.png,1
boxed_nn10b_20180604_000000.wav_segment_3133_nan.wav.png,1
boxed_nn10b_20180604_000000.wav_segment_3134_nan.wav.png,1
boxed_nn10b_20180604_000000.wav_segment_3137_marginal.wav.png,1
boxed_nn10b_20180604_000000.wav_segment_3140_marginal.wav.png,1
boxed_nn10b_20180604_000000.wav_segment_3142_nan.wav.png,1
boxed_nn10b_20180604_000000.wav_segment_3143_nan.wav.png,1
boxed_nn10b_20180604_000000.wav_segment_3144_nan.wav.png,1
boxed_nn10b_20180604_000000.wav_segment_3145_nan.wav.png,1
boxed_nn10b_20180604_000000.wav_segment_3146_nan.wav.png,1
boxed_nn10b_20180604_000000.wav_segment_3147_nan.wav.png,1
boxed_nn10b_20180604_000000.wav_segment_3148_nan.wav.png,1
boxed_nn10b_20180604_000000.wav_segment_3149_nan.wav.png,1
boxed_nn10b_20180604_000000.wav_segment_3150_nan.wav.png,1
boxed_nn10b_20180604_000000.wav_segment_3151_nan.wav.png,1
boxed_nn10b_20180604_000000.wav_segment_3152_nan.wav.png,1
boxed_nn10b_20180728_000000.wav_segment_3153_marginal.wav.png,1
boxed_nn10b_20180728_000000.wav_segment_3154_marginal.wav.png,1
boxed_nn10b_20180728_000000.wav_segment_3155_nan.wav.png,1
boxed_nn10b_20180728_000000.wav_segment_3156_nan.wav.png,1
boxed_nn10b_20180728_000000.wav_segment_3157_marginal.wav.png,1
boxed_nn10b_20180728_000000.wav_segment_3160_nan.wav.png,1
boxed_nn10b_20180728_000000.wav_segment_3161_marginal.wav.png,1
boxed_nn10b_20180728_000000.wav_segment_3162_nan.wav.png,1
boxed_nn10b_20180728_000000.wav_segment_3163_nan.wav.png,1
boxed_nn10b_20180728_000000.wav_segment_3164_nan.wav.png,1
boxed_nn10b_20180728_000000.wav_segment_3166_nan.wav.png,1
boxed_nn10b_20180728_000000.wav_segment_3167_nan.wav.png,1
boxed_nn10b_20180728_000000.wav_segment_3168_nan.wav.png,1
boxed_nn10b_20180728_000000.wav_segment_3169_nan.wav.png,1
boxed_nn10b_20180728_000000.wav_segment_3171_nan.wav.png,1
boxed_nn10b_20180728_000000.wav_segment_3172_nan.wav.png,1
boxed_nn10b_20180728_000000.wav_segment_3173_marginal.wav.png,1
boxed_nn10b_20180728_000000.wav_segment_3174_nan.wav.png,1
boxed_nn10b_20180728_000000.wav_segment_3175_nan.wav.png,1
boxed_nn10b_20180728_000000.wav_segment_3176_nan.wav.png,1
boxed_nn10b_20180728_000000.wav_segment_3177_nan.wav.png,1
boxed_nn10b_20180728_000000.wav_segment_3178_nan.wav.png,1
boxed_nn10b_20180728_000000.wav_segment_3179_nan.wav.png,1
boxed_nn10b_20180728_000000.wav_segment_3180_marginal.wav.png,1
boxed_nn10b_20180907_000000.wav_segment_740_nan.wav.png,1
boxed_nn10b_20180907_000000.wav_segment_741_nan.wav.png,1
boxed_nn10b_20180907_000000.wav_segment_742_nan.wav.png,1
boxed_nn10b_20180907_000000.wav_segment_743_nan.wav.png,1
boxed_nn10b_20180907_000000.wav_segment_744_nan.wav.png,1
boxed_nn10b_20180907_000000.wav_segment_745_nan.wav.png,1
boxed_nn10b_20180907_000000.wav_segment_746_maginal.wav.png,1
boxed_nn10b_20180907_000000.wav_segment_747_maginal.wav.png,1
boxed_nn10b_20180907_000000.wav_segment_748_maginal.wav.png,1
boxed_nn10b_20180907_000000.wav_segment_749_nan.wav.png,1
boxed_nn10b_20180907_000000.wav_segment_750_nan.wav.png,1
boxed_nn10b_20180907_000000.wav_segment_751_nan.wav.png,1
boxed_nn10b_20180907_000000.wav_segment_754_maginal.wav.png,1
boxed_nn10b_20180907_000000.wav_segment_757_nan.wav.png,1
boxed_nn10b_20180907_000000.wav_segment_758_maginal.wav.png,1
boxed_nn01a_20180305_000000.wav_segment_14_nan.wav.png,2
boxed_nn01a_20180305_000000.wav_segment_32_marginal.wav.png,2
boxed_nn01a_20180305_000000.wav_segment_36_nan.wav.png,2
boxed_nn01a_20180619_000000.wav_segment_65_marginal.wav.png,2
boxed_nn01a_20180619_000000.wav_segment_66_marginal.wav.png,2
boxed_nn01a_20180706_000000.wav_segment_74_marginal.wav.png,2
boxed_nn01a_20180706_000000.wav_segment_75_nan.wav.png,2
boxed_nn01b_20180225_000000.wav_segment_86_marginal.wav.png,2
boxed_nn01b_20180309_000000.wav_segment_90_nan.wav.png,2
boxed_nn01b_20180309_000000.wav_segment_91_nan.wav.png,2
boxed_nn01b_20180309_000000.wav_segment_94_marginal.wav.png,2
boxed_nn01b_20180309_000000.wav_segment_95_marginal.wav.png,2
boxed_nn01b_20180510_000000.wav_segment_109_nan.wav.png,2
boxed_nn01b_20180702_000000.wav_segment_127_nan.wav.png,2
boxed_nn01b_20180702_000000.wav_segment_132_marginal.wav.png,2
boxed_nn01b_20180702_000000.wav_segment_135_marginal.wav.png,2
boxed_nn01b_20180702_000000.wav_segment_141_nan.wav.png,2
boxed_nn01b_20180702_000000.wav_segment_144_marginal.wav.png,2
boxed_nn01b_20180702_000000.wav_segment_150_nan.wav.png,2
boxed_nn01b_20180702_000000.wav_segment_173_marginal.wav.png,2
boxed_nn01b_20180702_000000.wav_segment_174_nan.wav.png,2
boxed_nn01b_20180702_000000.wav_segment_176_marginal.wav.png,2
boxed_nn01c_20180305_000000.wav_segment_187_nan.wav.png,2
boxed_nn01c_20180305_000000.wav_segment_188_marginal.wav.png,2
boxed_nn01c_20180417_000000.wav_segment_254_marginal.wav.png,2
boxed_nn01c_20180417_000000.wav_segment_259_nan.wav.png,2
boxed_nn01c_20180501_000000.wav_segment_272_marginal.wav.png,2
boxed_nn01c_20180501_000000.wav_segment_273_nan.wav.png,2
boxed_nn01c_20180501_000000.wav_segment_276_nan.wav.png,2
boxed_nn01c_20180501_000000.wav_segment_277_nan.wav.png,2
boxed_nn01c_20180501_000000.wav_segment_281_nan.wav.png,2
boxed_nn01c_20180501_000000.wav_segment_284_marginal.wav.png,2
boxed_nn01c_20180524_000000.wav_segment_298_nan.wav.png,2
boxed_nn01c_20180524_000000.wav_segment_299_nan.wav.png,2
boxed_nn01c_20180524_000000.wav_segment_313_marginal.wav.png,2
boxed_nn01c_20180524_000000.wav_segment_314_marginal.wav.png,2
boxed_nn01c_20180524_000000.wav_segment_315_marginal.wav.png,2
boxed_nn01c_20180625_000000.wav_segment_331_marginal.wav.png,2
boxed_nn01e_20180620_100134.wav_segment_417_marginal.wav.png,2
boxed_nn01e_20180620_100134.wav_segment_421_marginal.wav.png,2
boxed_nn01e_20180620_100134.wav_segment_425_nan.wav.png,2
boxed_nn01f_20180709_000000.wav_segment_469_marginal.wav.png,2
boxed_nn01f_20180709_000000.wav_segment_473_marginal.wav.png,2
boxed_nn01f_20180709_000000.wav_segment_480_nan.wav.png,2
boxed_nn01f_20180709_000000.wav_segment_481_nan.wav.png,2
boxed_nn01f_20180709_000000.wav_segment_483_marginal.wav.png,2
boxed_nn01f_20180709_000000.wav_segment_487_marginal.wav.png,2
boxed_nn01f_20180709_000000.wav_segment_501_marginal.wav.png,2
boxed_nn01f_20180728_000000.wav_segment_539_marginal.wav.png,2
boxed_nn01f_20180728_000000.wav_segment_540_nan.wav.png,2
boxed_nn01f_20180728_000000.wav_segment_541_nan.wav.png,2
boxed_nn01f_20180728_000000.wav_segment_544_marginal.wav.png,2
boxed_nn01g_20180702_000000.wav_segment_546_marginal.wav.png,2
boxed_nn01g_20180702_000000.wav_segment_551_marginal.wav.png,2
boxed_nn01g_20180702_000000.wav_segment_552_marginal.wav.png,2
boxed_nn01g_20180702_000000.wav_segment_555_marginal.wav.png,2
boxed_nn01g_20180702_000000.wav_segment_559_marginal.wav.png,2
boxed_nn02a_20180504_000000.wav_segment_582_marginal.wav.png,2
boxed_nn02a_20180504_000000.wav_segment_584_nan.wav.png,2
boxed_nn02a_20180517_000000.wav_segment_590_nan.wav.png,2
boxed_nn02c_20180625_000000.wav_segment_632_nan.wav.png,2
boxed_nn02c_20180818_000000.wav_segment_655_nan.wav.png,2
boxed_nn02c_20180818_000000.wav_segment_684_nan.wav.png,2
boxed_nn02d_20180522_000000.wav_segment_721_nan.wav.png,2
boxed_nn02d_20180522_000000.wav_segment_722_nan.wav.png,2
boxed_nn02d_20180522_000000.wav_segment_724_marginal.wav.png,2
boxed_nn02d_20180522_000000.wav_segment_725_marginal.wav.png,2
boxed_nn02d_20180522_000000.wav_segment_737_nan.wav.png,2
boxed_nn02d_20180522_000000.wav_segment_739_marginal.wav.png,2
boxed_nn02d_20180522_000000.wav_segment_740_marginal.wav.png,2
boxed_nn02d_20180608_000000.wav_segment_744_nan.wav.png,2
boxed_nn02e_20180629_000000.wav_segment_794_nan.wav.png,2
boxed_nn02e_20180629_000000.wav_segment_796_nan.wav.png,2
boxed_nn02f_20180803_000000.wav_segment_823_nan.wav.png,2
boxed_nn02f_20180817_000000.wav_segment_849_nan.wav.png,2
boxed_nn02f_20180817_000000.wav_segment_850_marginal.wav.png,2
boxed_nn02f_20180817_000000.wav_segment_853_marginal.wav.png,2
boxed_nn02f_20180817_000000.wav_segment_855_nan.wav.png,2
boxed_nn02f_20180817_000000.wav_segment_857_marginal.wav.png,2
boxed_nn02f_20180817_000000.wav_segment_858_marginal.wav.png,2
boxed_nn02f_20180817_000000.wav_segment_863_nan.wav.png,2
boxed_nn02g_20180816_000000.wav_segment_879_marginal.wav.png,2
boxed_nn02g_20180821_000000.wav_segment_907_nan.wav.png,2
boxed_nn02g_20180821_000000.wav_segment_908_marginal.wav.png,2
boxed_nn02g_20180821_000000.wav_segment_909_marginal.wav.png,2
boxed_nn02g_20180821_000000.wav_segment_911_nan.wav.png,2
boxed_nn03a_20180709_000000.wav_segment_100_maginal.wav.png,2
boxed_nn03a_20180709_000000.wav_segment_103_nan.wav.png,2
boxed_nn03a_20180709_000000.wav_segment_23_maginal.wav.png,2
boxed_nn03a_20180709_000000.wav_segment_24_maginal.wav.png,2
boxed_nn03a_20180709_000000.wav_segment_25_maginal.wav.png,2
boxed_nn03a_20180709_000000.wav_segment_26_maginal.wav.png,2
boxed_nn03a_20180709_000000.wav_segment_27_nan.wav.png,2
boxed_nn03a_20180709_000000.wav_segment_28_nan.wav.png,2
boxed_nn03a_20180709_000000.wav_segment_34_maginal.wav.png,2
boxed_nn03a_20180709_000000.wav_segment_37_maginal.wav.png,2
boxed_nn03a_20180709_000000.wav_segment_38_nan.wav.png,2
boxed_nn03a_20180709_000000.wav_segment_44_nan.wav.png,2
boxed_nn03a_20180709_000000.wav_segment_45_nan.wav.png,2
boxed_nn03a_20180709_000000.wav_segment_46_maginal.wav.png,2
boxed_nn03a_20180709_000000.wav_segment_58_nan.wav.png,2
boxed_nn03a_20180709_000000.wav_segment_59_nan.wav.png,2
boxed_nn03a_20180709_000000.wav_segment_68_maginal.wav.png,2
boxed_nn03a_20180709_000000.wav_segment_71_maginal.wav.png,2
boxed_nn03a_20180709_000000.wav_segment_72_nan.wav.png,2
boxed_nn03a_20180709_000000.wav_segment_79_maginal.wav.png,2
boxed_nn03a_20180709_000000.wav_segment_80_nan.wav.png,2
boxed_nn03a_20180709_000000.wav_segment_82_maginal.wav.png,2
boxed_nn03a_20180709_000000.wav_segment_83_maginal.wav.png,2
boxed_nn03a_20180709_000000.wav_segment_86_maginal.wav.png,2
boxed_nn03a_20180709_000000.wav_segment_87_maginal.wav.png,2
boxed_nn03a_20180709_000000.wav_segment_88_nan.wav.png,2
boxed_nn03a_20180709_000000.wav_segment_92_maginal.wav.png,2
boxed_nn03a_20180709_000000.wav_segment_93_maginal.wav.png,2
boxed_nn03a_20180709_000000.wav_segment_94_maginal.wav.png,2
boxed_nn03a_20180709_000000.wav_segment_95_maginal.wav.png,2
boxed_nn03a_20180709_000000.wav_segment_96_nan.wav.png,2
boxed_nn03a_20180709_000000.wav_segment_97_maginal.wav.png,2
boxed_nn03a_20180709_000000.wav_segment_98_nan.wav.png,2
boxed_nn03a_20180709_000000.wav_segment_99_maginal.wav.png,2
boxed_nn03a_20180817_000000.wav_segment_946_nan.wav.png,2
boxed_nn03a_20180817_000000.wav_segment_947_nan.wav.png,2
boxed_nn03a_20180817_000000.wav_segment_948_nan.wav.png,2
boxed_nn03a_20180817_000000.wav_segment_951_nan.wav.png,2
boxed_nn03a_20180817_000000.wav_segment_989_nan.wav.png,2
boxed_nn03a_20180817_000000.wav_segment_990_nan.wav.png,2
boxed_nn03a_20180817_000000.wav_segment_996_nan.wav.png,2
boxed_nn03a_20180817_000000.wav_segment_998_marginal.wav.png,2
boxed_nn03c_20180611_000000.wav_segment_1033_nan.wav.png,2
boxed_nn03c_20180611_000000.wav_segment_1034_nan.wav.png,2
boxed_nn03c_20180611_000000.wav_segment_1039_marginal.wav.png,2
boxed_nn03d_20180817_000000.wav_segment_1055_marginal.wav.png,2
boxed_nn03d_20180817_000000.wav_segment_1069_nan.wav.png,2
boxed_nn03d_20180817_000000.wav_segment_1072_marginal.wav.png,2
boxed_nn03d_20180817_000000.wav_segment_1073_nan.wav.png,2
boxed_nn03d_20180916_000000.wav_segment_1075_marginal.wav.png,2
boxed_nn03d_20180916_000000.wav_segment_1078_marginal.wav.png,2
boxed_nn03d_20180916_000000.wav_segment_1081_marginal.wav.png,2
boxed_nn03e_20180911_000000.wav_segment_1110_marginal.wav.png,2
boxed_nn03g_20180806_000000.wav_segment_1160_marginal.wav.png,2
boxed_nn03g_20180806_000000.wav_segment_1161_marginal.wav.png,2
boxed_nn03g_20180806_000000.wav_segment_1162_marginal.wav.png,2
boxed_nn03g_20180806_000000.wav_segment_1173_nan.wav.png,2
boxed_nn03g_20180806_000000.wav_segment_1176_nan.wav.png,2
boxed_nn03g_20180810_000000.wav_segment_1178_nan.wav.png,2
boxed_nn03g_20180810_000000.wav_segment_1179_nan.wav.png,2
boxed_nn03g_20180810_000000.wav_segment_1180_nan.wav.png,2
boxed_nn03g_20180810_000000.wav_segment_1181_nan.wav.png,2
boxed_nn03g_20180810_000000.wav_segment_1185_marginal.wav.png,2
boxed_nn03g_20180810_000000.wav_segment_1186_nan.wav.png,2
boxed_nn03g_20180810_000000.wav_segment_1197_marginal.wav.png,2
boxed_nn03g_20180810_000000.wav_segment_1198_marginal.wav.png,2
boxed_nn03g_20180810_000000.wav_segment_1224_nan.wav.png,2
boxed_nn03g_20180810_000000.wav_segment_1226_marginal.wav.png,2
boxed_nn03g_20180810_000000.wav_segment_1238_marginal.wav.png,2
boxed_nn04a_20180608_000000.wav_segment_1240_nan.wav.png,2
boxed_nn04a_20180608_000000.wav_segment_1259_marginal.wav.png,2
boxed_nn04a_20180608_000000.wav_segment_1260_marginal.wav.png,2
boxed_nn04a_20180608_000000.wav_segment_1261_marginal.wav.png,2
boxed_nn04a_20180608_000000.wav_segment_1262_marginal.wav.png,2
boxed_nn04a_20180608_000000.wav_segment_1263_marginal.wav.png,2
boxed_nn04a_20180608_000000.wav_segment_1272_nan.wav.png,2
boxed_nn04a_20180629_000000.wav_segment_176_nan.wav.png,2
boxed_nn04b_20180611_000000.wav_segment_209_maginal.wav.png,2
boxed_nn04b_20180611_000000.wav_segment_210_maginal.wav.png,2
boxed_nn05a_20181029_000000.wav_segment_228_maginal.wav.png,2
boxed_nn05a_20181029_000000.wav_segment_230_nan.wav.png,2
boxed_nn05a_20181110_000000.wav_segment_1367_nan.wav.png,2
boxed_nn05b_20180309_000000.wav_segment_1446_marginal.wav.png,2
boxed_nn05b_20180309_000000.wav_segment_1474_nan.wav.png,2
boxed_nn05b_20180309_000000.wav_segment_1481_marginal.wav.png,2
boxed_nn05b_20190209_000000.wav_segment_1547_nan.wav.png,2
boxed_nn05c_20180619_000000.wav_segment_232_nan.wav.png,2
boxed_nn05d_20180702_000000.wav_segment_1585_marginal.wav.png,2
boxed_nn05d_20181022_000000.wav_segment_1586_nan.wav.png,2
boxed_nn05d_20181118_000000.wav_segment_1591_marginal.wav.png,2
boxed_nn05d_20181118_000000.wav_segment_1612_nan.wav.png,2
boxed_nn05d_20181118_000000.wav_segment_1614_nan.wav.png,2
boxed_nn05d_20181118_000000.wav_segment_1615_marginal.wav.png,2
boxed_nn05e_20180504_000000.wav_segment_1618_nan.wav.png,2
boxed_nn05e_20181021_000000.wav_segment_1621_marginal.wav.png,2
boxed_nn05e_20181021_000000.wav_segment_1622_marginal.wav.png,2
boxed_nn06a_20171228_000000.wav_segment_246_nan.wav.png,2
boxed_nn06a_20171228_000000.wav_segment_247_nan.wav.png,2
boxed_nn06a_20171228_000000.wav_segment_258_nan.wav.png,2
boxed_nn06a_20171228_000000.wav_segment_280_nan.wav.png,2
boxed_nn06a_20171228_000000.wav_segment_283_nan.wav.png,2
boxed_nn06a_20171228_000000.wav_segment_284_nan.wav.png,2
boxed_nn06a_20171228_000000.wav_segment_286_nan.wav.png,2
boxed_nn06a_20171228_000000.wav_segment_287_maginal.wav.png,2
boxed_nn06a_20171228_000000.wav_segment_288_maginal.wav.png,2
boxed_nn06a_20171228_000000.wav_segment_292_nan.wav.png,2
boxed_nn06a_20171228_000000.wav_segment_297_nan.wav.png,2
boxed_nn06a_20171228_000000.wav_segment_298_nan.wav.png,2
boxed_nn06a_20180319_000000.wav_segment_312_nan.wav.png,2
boxed_nn06a_20180319_000000.wav_segment_315_nan.wav.png,2
boxed_nn06a_20180319_000000.wav_segment_319_nan.wav.png,2
boxed_nn06a_20180319_000000.wav_segment_327_nan.wav.png,2
boxed_nn06a_20180319_000000.wav_segment_328_nan.wav.png,2
boxed_nn06a_20180319_000000.wav_segment_331_nan.wav.png,2
boxed_nn06a_20180319_000000.wav_segment_333_nan.wav.png,2
boxed_nn06a_20180417_000000.wav_segment_336_nan.wav.png,2
boxed_nn06a_20180417_000000.wav_segment_338_maginal.wav.png,2
boxed_nn06a_20180417_000000.wav_segment_360_maginal.wav.png,2
boxed_nn06a_20180512_000000.wav_segment_1630_nan.wav.png,2
boxed_nn06a_20180512_000000.wav_segment_1631_nan.wav.png,2
boxed_nn06a_20180512_000000.wav_segment_1632_nan.wav.png,2
boxed_nn06a_20180512_000000.wav_segment_1633_nan.wav.png,2
boxed_nn06a_20180512_000000.wav_segment_1648_nan.wav.png,2
boxed_nn06a_20180615_000000.wav_segment_1654_nan.wav.png,2
boxed_nn06a_20180615_000000.wav_segment_1656_nan.wav.png,2
boxed_nn06a_20180615_000000.wav_segment_1657_nan.wav.png,2
boxed_nn06a_20180615_000000.wav_segment_1658_marginal.wav.png,2
boxed_nn06a_20180615_000000.wav_segment_1659_nan.wav.png,2
boxed_nn06a_20180615_000000.wav_segment_1660_marginal.wav.png,2
boxed_nn06a_20180615_000000.wav_segment_1665_nan.wav.png,2
boxed_nn06a_20180615_000000.wav_segment_1669_nan.wav.png,2
boxed_nn06a_20180615_000000.wav_segment_1692_nan.wav.png,2
boxed_nn06a_20180615_000000.wav_segment_1697_nan.wav.png,2
boxed_nn06a_20180615_000000.wav_segment_1705_marginal.wav.png,2
boxed_nn06a_20180615_000000.wav_segment_1712_marginal.wav.png,2
boxed_nn06a_20180615_000000.wav_segment_1714_marginal.wav.png,2
boxed_nn06a_20180615_000000.wav_segment_1715_marginal.wav.png,2
boxed_nn06a_20180615_000000.wav_segment_1716_marginal.wav.png,2
boxed_nn06a_20180716_000000.wav_segment_1748_nan.wav.png,2
boxed_nn06a_20180716_000000.wav_segment_1749_marginal.wav.png,2
boxed_nn06a_20180716_000000.wav_segment_1753_nan.wav.png,2
boxed_nn06a_20180716_000000.wav_segment_1779_nan.wav.png,2
boxed_nn06a_20180716_000000.wav_segment_1782_nan.wav.png,2
boxed_nn06a_20180716_000000.wav_segment_1815_nan.wav.png,2
boxed_nn06a_20180716_000000.wav_segment_1823_nan.wav.png,2
boxed_nn06a_20180716_000000.wav_segment_1836_marginal.wav.png,2
boxed_nn06a_20180716_000000.wav_segment_1852_nan.wav.png,2
boxed_nn06a_20180716_000000.wav_segment_1854_nan.wav.png,2
boxed_nn06a_20180716_000000.wav_segment_1855_marginal.wav.png,2
boxed_nn06a_20180716_000000.wav_segment_1859_nan.wav.png,2
boxed_nn06a_20180716_000000.wav_segment_1862_nan.wav.png,2
boxed_nn06a_20180716_000000.wav_segment_1864_nan.wav.png,2
boxed_nn06a_20180716_000000.wav_segment_1868_nan.wav.png,2
boxed_nn06a_20180716_000000.wav_segment_1870_marginal.wav.png,2
boxed_nn06a_20180721_000000.wav_segment_1878_marginal.wav.png,2
boxed_nn06a_20180721_000000.wav_segment_1879_marginal.wav.png,2
boxed_nn06a_20180721_000000.wav_segment_1880_marginal.wav.png,2
boxed_nn06a_20180721_000000.wav_segment_1904_nan.wav.png,2
boxed_nn06a_20180721_000000.wav_segment_1905_nan.wav.png,2
boxed_nn06a_20180721_000000.wav_segment_1906_nan.wav.png,2
boxed_nn06a_20180721_000000.wav_segment_1910_marginal.wav.png,2
boxed_nn06a_20180721_000000.wav_segment_1921_nan.wav.png,2
boxed_nn06a_20180830_000000.wav_segment_362_nan.wav.png,2
boxed_nn06a_20180830_000000.wav_segment_371_nan.wav.png,2
boxed_nn06a_20180830_000000.wav_segment_385_maginal.wav.png,2
boxed_nn06a_20180830_000000.wav_segment_386_maginal.wav.png,2
boxed_nn06a_20180912_000000.wav_segment_389_maginal.wav.png,2
boxed_nn06a_20180912_000000.wav_segment_438_nan.wav.png,2
boxed_nn06a_20180912_000000.wav_segment_441_maginal.wav.png,2
boxed_nn06a_20180912_000000.wav_segment_443_nan.wav.png,2
boxed_nn06a_20181009_000000.wav_segment_1923_marginal.wav.png,2
boxed_nn06a_20181101_000000.wav_segment_1990_marginal.wav.png,2
boxed_nn06a_20181220_020245.wav_segment_2037_nan.wav.png,2
boxed_nn06a_20181220_020245.wav_segment_2052_marginal.wav.png,2
boxed_nn06a_20181220_020245.wav_segment_2086_nan.wav.png,2
boxed_nn06a_20181220_020245.wav_segment_2087_nan.wav.png,2
boxed_nn06a_20181220_020245.wav_segment_2088_nan.wav.png,2
boxed_nn06a_20190128_020245.wav_segment_2090_nan.wav.png,2
boxed_nn06a_20190128_020245.wav_segment_2091_marginal.wav.png,2
boxed_nn06a_20190128_020245.wav_segment_2092_marginal.wav.png,2
boxed_nn06a_20190128_020245.wav_segment_2094_nan.wav.png,2
boxed_nn06a_20190128_020245.wav_segment_2096_marginal.wav.png,2
boxed_nn06b_20180310_000000.wav_segment_459_nan.wav.png,2
boxed_nn06b_20180411_000000.wav_segment_2106_marginal.wav.png,2
boxed_nn06b_20180411_000000.wav_segment_2108_marginal.wav.png,2
boxed_nn06b_20180411_000000.wav_segment_2110_marginal.wav.png,2
boxed_nn06b_20180411_000000.wav_segment_2113_nan.wav.png,2
boxed_nn06b_20180411_000000.wav_segment_2115_marginal.wav.png,2
boxed_nn06b_20180411_000000.wav_segment_2123_nan.wav.png,2
boxed_nn06b_20180411_000000.wav_segment_2128_nan.wav.png,2
boxed_nn06b_20180411_000000.wav_segment_2129_nan.wav.png,2
boxed_nn06b_20180411_000000.wav_segment_2132_marginal.wav.png,2
boxed_nn06b_20180411_000000.wav_segment_2133_marginal.wav.png,2
boxed_nn06b_20180411_000000.wav_segment_2139_nan.wav.png,2
boxed_nn06b_20180411_000000.wav_segment_2142_marginal.wav.png,2
boxed_nn06b_20180511_000000.wav_segment_2152_nan.wav.png,2
boxed_nn06b_20180511_000000.wav_segment_2164_nan.wav.png,2
boxed_nn06b_20180612_000000.wav_segment_2188_marginal.wav.png,2
boxed_nn06b_20180902_000000.wav_segment_502_maginal.wav.png,2
boxed_nn06b_20180906_000000.wav_segment_2214_marginal.wav.png,2
boxed_nn06b_20180911_000000.wav_segment_2258_nan.wav.png,2
boxed_nn06b_20180911_000000.wav_segment_2260_marginal.wav.png,2
boxed_nn06b_20180911_000000.wav_segment_2266_marginal.wav.png,2
boxed_nn06b_20180911_000000.wav_segment_2270_marginal.wav.png,2
boxed_nn06b_20181121_000000.wav_segment_2297_marginal.wav.png,2
boxed_nn06b_20181121_000000.wav_segment_2299_marginal.wav.png,2
boxed_nn06b_20181121_000000.wav_segment_2300_nan.wav.png,2
boxed_nn06b_20181204_000000.wav_segment_533_maginal.wav.png,2
boxed_nn06b_20181204_000000.wav_segment_535_maginal.wav.png,2
boxed_nn06b_20190206_000000.wav_segment_2336_marginal.wav.png,2
boxed_nn06b_20190206_000000.wav_segment_2338_marginal.wav.png,2
boxed_nn06b_20190206_000000.wav_segment_2339_nan.wav.png,2
boxed_nn06b_20190206_000000.wav_segment_2340_marginal.wav.png,2
boxed_nn06b_20190206_000000.wav_segment_2352_marginal.wav.png,2
boxed_nn06b_20190206_000000.wav_segment_2354_nan.wav.png,2
boxed_nn06b_20190206_000000.wav_segment_2358_marginal.wav.png,2
boxed_nn06c_20180528_000000.wav_segment_2367_marginal.wav.png,2
boxed_nn06c_20180528_000000.wav_segment_2384_marginal.wav.png,2
boxed_nn06c_20180730_000000.wav_segment_2403_marginal.wav.png,2
boxed_nn06e_20180820_000000.wav_segment_579_nan.wav.png,2
boxed_nn06f_20180806_000000.wav_segment_2444_marginal.wav.png,2
boxed_nn07b_20180923_000000.wav_segment_2504_marginal.wav.png,2
boxed_nn07c_20180603_000000.wav_segment_607_maginal.wav.png,2
boxed_nn07c_20180603_000000.wav_segment_626_nan.wav.png,2
boxed_nn07c_20180603_000000.wav_segment_630_nan.wav.png,2
boxed_nn07c_20180603_000000.wav_segment_635_nan.wav.png,2
boxed_nn07c_20180603_000000.wav_segment_637_maginal.wav.png,2
boxed_nn07c_20180603_000000.wav_segment_646_maginal.wav.png,2
boxed_nn07c_20180603_000000.wav_segment_647_nan.wav.png,2
boxed_nn07c_20180603_000000.wav_segment_648_nan.wav.png,2
boxed_nn07c_20180603_000000.wav_segment_657_nan.wav.png,2
boxed_nn07c_20180603_000000.wav_segment_669_nan.wav.png,2
boxed_nn07c_20180603_000000.wav_segment_671_nan.wav.png,2
boxed_nn07c_20180619_000000.wav_segment_2508_nan.wav.png,2
boxed_nn08a_20180829_000000.wav_segment_2528_marginal.wav.png,2
boxed_nn08a_20180829_000000.wav_segment_2531_marginal.wav.png,2
boxed_nn08a_20181015_000000.wav_segment_2540_nan.wav.png,2
boxed_nn08a_20181015_000000.wav_segment_2544_nan.wav.png,2
boxed_nn08a_20181015_000000.wav_segment_2545_marginal.wav.png,2
boxed_nn08a_20181015_000000.wav_segment_2548_nan.wav.png,2
boxed_nn08a_20181015_000000.wav_segment_2549_marginal.wav.png,2
boxed_nn08b_20180817_000000.wav_segment_2550_marginal.wav.png,2
boxed_nn08b_20180817_000000.wav_segment_2551_marginal.wav.png,2
boxed_nn08b_20180817_000000.wav_segment_2552_marginal.wav.png,2
boxed_nn08b_20180817_000000.wav_segment_2553_marginal.wav.png,2
boxed_nn08b_20180817_000000.wav_segment_2555_marginal.wav.png,2
boxed_nn08b_20180817_000000.wav_segment_2556_marginal.wav.png,2
boxed_nn08b_20180817_000000.wav_segment_2559_marginal.wav.png,2
boxed_nn08b_20180817_000000.wav_segment_2560_marginal.wav.png,2
boxed_nn08b_20180817_000000.wav_segment_2562_nan.wav.png,2
boxed_nn08b_20180817_000000.wav_segment_2563_marginal.wav.png,2
boxed_nn08b_20180817_000000.wav_segment_2567_nan.wav.png,2
boxed_nn08b_20180817_000000.wav_segment_2576_nan.wav.png,2
boxed_nn08b_20180817_000000.wav_segment_2589_marginal.wav.png,2
boxed_nn08b_20180817_000000.wav_segment_2596_marginal.wav.png,2
boxed_nn08b_20180817_000000.wav_segment_2599_marginal.wav.png,2
boxed_nn08b_20180817_000000.wav_segment_2614_marginal.wav.png,2
boxed_nn08b_20180817_000000.wav_segment_2615_marginal.wav.png,2
boxed_nn08b_20180817_000000.wav_segment_2617_marginal.wav.png,2
boxed_nn08b_20180817_000000.wav_segment_2618_marginal.wav.png,2
boxed_nn08b_20180817_000000.wav_segment_2628_marginal.wav.png,2
boxed_nn08b_20180817_000000.wav_segment_2635_marginal.wav.png,2
boxed_nn08b_20180817_000000.wav_segment_2644_marginal.wav.png,2
boxed_nn08b_20180817_000000.wav_segment_2645_marginal.wav.png,2
boxed_nn08b_20180817_000000.wav_segment_2646_marginal.wav.png,2
boxed_nn08c_20180824_000000.wav_segment_2648_nan.wav.png,2
boxed_nn08c_20180824_000000.wav_segment_2649_marginal.wav.png,2
boxed_nn08c_20180824_000000.wav_segment_2652_marginal.wav.png,2
boxed_nn08c_20180824_000000.wav_segment_2653_marginal.wav.png,2
boxed_nn08c_20180824_000000.wav_segment_2656_nan.wav.png,2
boxed_nn08c_20180824_000000.wav_segment_2659_nan.wav.png,2
boxed_nn08c_20180824_000000.wav_segment_2661_marginal.wav.png,2
boxed_nn08c_20180824_000000.wav_segment_2662_nan.wav.png,2
boxed_nn08c_20180824_000000.wav_segment_2663_marginal.wav.png,2
boxed_nn08c_20180824_000000.wav_segment_2665_marginal.wav.png,2
boxed_nn08c_20180824_000000.wav_segment_2667_marginal.wav.png,2
boxed_nn08c_20180824_000000.wav_segment_2676_nan.wav.png,2
boxed_nn08c_20180824_000000.wav_segment_2678_marginal.wav.png,2
boxed_nn08c_20180824_000000.wav_segment_2683_marginal.wav.png,2
boxed_nn08c_20180824_000000.wav_segment_2689_marginal.wav.png,2
boxed_nn08c_20180824_000000.wav_segment_2691_marginal.wav.png,2
boxed_nn08c_20180824_000000.wav_segment_2692_marginal.wav.png,2
boxed_nn08c_20180824_000000.wav_segment_2694_marginal.wav.png,2
boxed_nn08c_20180824_000000.wav_segment_2763_nan.wav.png,2
boxed_nn08c_20180824_000000.wav_segment_2765_marginal.wav.png,2
boxed_nn08c_20180824_000000.wav_segment_2766_marginal.wav.png,2
boxed_nn08c_20180824_000000.wav_segment_2767_marginal.wav.png,2
boxed_nn08c_20180824_000000.wav_segment_2768_marginal.wav.png,2
boxed_nn08c_20180824_000000.wav_segment_2771_marginal.wav.png,2
boxed_nn08c_20180824_000000.wav_segment_2772_marginal.wav.png,2
boxed_nn08c_20180824_000000.wav_segment_2774_marginal.wav.png,2
boxed_nn08c_20180824_000000.wav_segment_2776_marginal.wav.png,2
boxed_nn08c_20180824_000000.wav_segment_2787_nan.wav.png,2
boxed_nn08c_20180824_000000.wav_segment_2794_marginal.wav.png,2
boxed_nn08c_20180824_000000.wav_segment_2795_nan.wav.png,2
boxed_nn08c_20180824_000000.wav_segment_2797_nan.wav.png,2
boxed_nn08c_20180824_000000.wav_segment_2798_nan.wav.png,2
boxed_nn08c_20180824_000000.wav_segment_2815_nan.wav.png,2
boxed_nn08c_20180824_000000.wav_segment_2822_marginal.wav.png,2
boxed_nn08c_20180824_000000.wav_segment_2823_marginal.wav.png,2
boxed_nn08c_20180824_000000.wav_segment_2828_marginal.wav.png,2
boxed_nn08c_20180824_000000.wav_segment_2829_nan.wav.png,2
boxed_nn08c_20180824_000000.wav_segment_2835_nan.wav.png,2
boxed_nn08c_20180824_000000.wav_segment_2836_marginal.wav.png,2
boxed_nn08c_20180824_000000.wav_segment_2853_nan.wav.png,2
boxed_nn08c_20180824_000000.wav_segment_2854_nan.wav.png,2
boxed_nn08c_20180824_000000.wav_segment_2868_nan.wav.png,2
boxed_nn08c_20180824_000000.wav_segment_2873_nan.wav.png,2
boxed_nn08c_20180902_000000.wav_segment_2881_nan.wav.png,2
boxed_nn08c_20180902_000000.wav_segment_2882_nan.wav.png,2
boxed_nn08c_20180902_000000.wav_segment_2889_nan.wav.png,2
boxed_nn08c_20180902_000000.wav_segment_2892_nan.wav.png,2
boxed_nn08c_20180902_000000.wav_segment_2902_nan.wav.png,2
boxed_nn08c_20180902_000000.wav_segment_2908_nan.wav.png,2
boxed_nn08c_20180902_000000.wav_segment_2933_nan.wav.png,2
boxed_nn09b_20180907_000000.wav_segment_722_nan.wav.png,2
boxed_nn09b_20180907_000000.wav_segment_725_maginal.wav.png,2
boxed_nn09b_20180907_000000.wav_segment_726_maginal.wav.png,2
boxed_nn09b_20180907_000000.wav_segment_728_maginal.wav.png,2
boxed_nn09b_20180907_000000.wav_segment_737_maginal.wav.png,2
boxed_nn10a_20180702_000000.wav_segment_2964_nan.wav.png,2
boxed_nn10a_20180702_000000.wav_segment_2993_marginal.wav.png,2
boxed_nn10a_20180913_000000.wav_segment_3084_marginal.wav.png,2
boxed_nn10a_20180913_000000.wav_segment_3102_marginal.wav.png,2
boxed_nn10a_20180913_000000.wav_segment_3105_marginal.wav.png,2
boxed_nn10a_20180913_000000.wav_segment_3106_marginal.wav.png,2
boxed_nn10b_20180604_000000.wav_segment_3109_nan.wav.png,2
boxed_nn10b_20180604_000000.wav_segment_3127_marginal.wav.png,2
boxed_nn10b_20180604_000000.wav_segment_3128_nan.wav.png,2
boxed_nn10b_20180604_000000.wav_segment_3135_marginal.wav.png,2
boxed_nn10b_20180604_000000.wav_segment_3136_marginal.wav.png,2
boxed_nn10b_20180604_000000.wav_segment_3138_marginal.wav.png,2
boxed_nn10b_20180604_000000.wav_segment_3139_marginal.wav.png,2
boxed_nn10b_20180604_000000.wav_segment_3141_nan.wav.png,2
boxed_nn10b_20180728_000000.wav_segment_3158_marginal.wav.png,2
boxed_nn10b_20180728_000000.wav_segment_3159_marginal.wav.png,2
boxed_nn10b_20180728_000000.wav_segment_3165_marginal.wav.png,2
boxed_nn10b_20180728_000000.wav_segment_3170_marginal.wav.png,2
boxed_nn10b_20180907_000000.wav_segment_752_maginal.wav.png,2
boxed_nn10b_20180907_000000.wav_segment_753_nan.wav.png,2
boxed_nn10b_20180907_000000.wav_segment_755_maginal.wav.png,2
boxed_nn10b_20180907_000000.wav_segment_756_maginal.wav.png,2
